Autauga,AL,2969,0,490
Baldwin,AL,10870,0,2530
Barbour,AL,3853,0,978
Bibb,AL,2623,0,503
Blount,AL,4442,0,2427
Bullock,AL,1516,0,1114
Butler,AL,4002,0,973
Calhoun,AL,10635,0,6210
Chambers,AL,4630,0,2557
Cherokee,AL,1893,0,1916
Chilton,AL,5202,0,1645
Choctaw,AL,2497,0,413
Clarke,AL,4460,0,924
Clay,AL,2815,0,1199
Cleburne,AL,2156,0,672
Coffee,AL,4910,0,1213
Colbert,AL,5267,0,5573
Conecuh,AL,2782,0,639
Coosa,AL,1978,0,740
Covington,AL,7554,0,1621
Crenshaw,AL,3008,0,816
Cullman,AL,7152,0,5110
Dale,AL,4970,0,963
Dallas,AL,5888,0,719
DeKalb,AL,6746,0,4948
Elmore,AL,6363,0,1233
Escambia,AL,5623,0,1928
Etowah,AL,12894,0,8939
Fayette,AL,3203,0,1287
Franklin,AL,4025,0,3110
Geneva,AL,4502,0,1074
Greene,AL,1124,0,587
Hale,AL,1898,0,548
Henry,AL,2896,0,589
Houston,AL,10353,0,1421
Jackson,AL,2730,0,3145
Jefferson,AL,100756,0,38082
Lamar,AL,2734,0,1041
Lauderdale,AL,5978,0,6593
Lawrence,AL,1809,0,1808
Lee,AL,5914,0,1602
Limestone,AL,2377,0,3027
Lowndes,AL,1548,0,310
Macon,AL,1858,0,2973
Madison,AL,14279,0,13217
Marengo,AL,3677,0,789
Marion,AL,3966,0,1747
Marshall,AL,5712,0,4428
Mobile,AL,49493,0,20488
Mobile,AL,49493,0,20488
Monroe,AL,3870,0,886
Montgomery,AL,23015,0,7482
Morgan,AL,7013,0,5368
Perry,AL,2046,0,520
Pickens,AL,3416,0,746
Pike,AL,4373,0,803
Randolph,AL,3127,0,1864
Russell,AL,4877,0,1537
Shelby,AL,4813,0,1943
St. Clair,AL,6037,0,1989
Sumter,AL,1653,0,405
Talladega,AL,8946,0,3712
Tallapoosa,AL,5530,0,1733
Tuscaloosa,AL,13227,0,6036
Walker,AL,8582,0,6110
Washington,AL,2803,0,1191
Wilcox,AL,1789,0,157
Winston,AL,3438,0,1391
Arkansas,AR,3769,3200,0
Ashley,AR,3742,2901,0
Baxter,AR,1986,2900,0
Benton,AR,5977,5655,0
Boone,AR,2857,3770,0
Bradley,AR,1852,2229,0
Calhoun,AR,889,1409,0
Carroll,AR,2105,2005,0
Chicot,AR,1972,2916,0
Clark,AR,1884,4127,0
Clay,AR,1999,3280,0
Cleburne,AR,1221,2645,0
Cleveland,AR,1026,1121,0
Columbia,AR,4009,3485,0
Conway,AR,2378,4205,0
Craighead,AR,5163,8334,0
Crawford,AR,3294,3537,0
Crittenden,AR,4065,4168,0
Cross,AR,2147,2421,0
Dallas,AR,1625,1779,0
Desha,AR,1930,3294,0
Drew,AR,2109,1980,0
Faulkner,AR,3259,6116,0
Franklin,AR,1580,2685,0
Fulton,AR,846,1704,0
Garland,AR,9952,11591,0
Grant,AR,1308,1678,0
Greene,AR,2271,4742,0
Hempstead,AR,2493,3355,0
Hot Spring,AR,2911,4543,0
Howard,AR,1649,1320,0
Independence,AR,2470,4455,0
Izard,AR,726,1736,0
Jackson,AR,2141,4651,0
Jefferson,AR,9968,12872,0
Johnson,AR,1535,3127,0
Lafayette,AR,1476,1484,0
Lawrence,AR,2013,3498,0
Lee,AR,1668,2335,0
Lincoln,AR,1410,2468,0
Little River,AR,1141,2040,0
Logan,AR,2265,3604,0
Lonoke,AR,3636,3818,0
Madison,AR,1997,2715,0
Marion,AR,1088,1661,0
Miller,AR,4253,5190,0
Mississippi,AR,6213,8678,0
Monroe,AR,1968,2258,0
Montgomery,AR,832,1358,0
Nevada,AR,1406,2190,0
Newton,AR,1357,1374,0
Ouachita,AR,3572,7056,0
Perry,AR,1048,1320,0
Phillips,AR,3963,5818,0
Pike,AR,1241,1531,0
Poinsett,AR,3031,5635,0
Polk,AR,2022,2575,0
Pope,AR,2651,4972,0
Prairie,AR,1476,1812,0
Pulaski,AR,38312,40535,0
Randolph,AR,1312,2680,0
Saline,AR,3628,5605,0
Scott,AR,1121,1838,0
Searcy,AR,1649,1508,0
Sebastian,AR,13110,10299,0
Sevier,AR,1249,2123,0
Sharp,AR,1215,1810,0
St. Francis,AR,3377,3651,0
Stone,AR,942,1374,0
Union,AR,8472,6948,0
Van Buren,AR,1270,2054,0
Washington,AR,6856,10166,0
White,AR,5023,6566,0
Woodruff,AR,1366,2307,0
Yell,AR,1527,3407,0
Apache,AZ,1849,2042,0
Cochise,AZ,7644,9045,0
Coconino,AZ,5756,5270,0
Gila,AZ,3713,6821,0
Graham,AZ,2655,2783,0
Greenlee,AZ,1132,3147,0
Yuma,AZ,6548,7857,0
Maricopa,AZ,143114,122042,0
Mohave,AZ,2091,2243,0
Navajo,AZ,4870,4770,0
Pima,AZ,46955,54120,0
Pinal,AZ,6956,9911,0
Santa Cruz,AZ,1503,1955,0
Yavapai,AZ,7749,5747,0
Yuma,AZ,6548,7857,0
Alameda,CA,142998,283833,0
Alpine,CA,124,91,0
Amador,CA,1682,3410,0
Butte,CA,19574,20831,0
Calaveras,CA,2244,3145,0
Colusa,CA,1811,2790,0
Contra Costa,CA,65011,113071,0
Del Norte,CA,2075,3652,0
El Dorado,CA,5775,8810,0
Fresno,CA,46792,89375,0
Glenn,CA,3351,3937,0
Humboldt,CA,12909,25515,0
Imperial,CA,10330,11143,0
Inyo,CA,2751,3161,0
Kern,CA,45014,64174,0
Kings,CA,5753,13073,0
Lake,CA,3616,4680,0
Lassen,CA,2124,4072,0
Los Angeles,CA,1161067,1568300,0
Los Angeles,CA,1161067,1568300,0
Los Angeles,CA,1161067,1568300,0
Madera,CA,4461,9391,0
Marin,CA,28682,46462,0
Mariposa,CA,1264,1704,0
Mendocino,CA,6322,11869,0
Merced,CA,8814,19431,0
Modoc,CA,1386,1972,0
Mono,CA,850,666,0
Monterey,CA,24579,40093,0
Napa,CA,11567,19580,0
Nevada,CA,4899,6397,0
Orange,CA,224196,176539,0
Placer,CA,9389,18256,0
Plumas,CA,1686,4019,0
Riverside,CA,61165,80528,0
Sacramento,CA,77871,149668,0
San Benito,CA,2444,3779,0
San Bernardino,CA,92145,123012,0
San Diego,CA,214445,211808,0
San Francisco,CA,92994,230758,0
San Joaquin,CA,36546,59210,0
San Luis Obispo,CA,14906,22252,0
San Mateo,CA,77916,140978,0
Santa Barbara,CA,38020,48381,0
Santa Barbara,CA,38020,48381,0
Santa Barbara,CA,38020,48381,0
Santa Barbara,CA,38020,48381,0
Santa Clara,CA,117420,202249,0
Santa Cruz,CA,18836,26714,0
Shasta,CA,9178,19142,0
Sierra,CA,413,828,0
Siskiyou,CA,5186,9126,0
Solano,CA,15263,34930,0
Sonoma,CA,27677,44354,0
Stanislaus,CA,21973,43078,0
Sutter,CA,7241,6787,0
Tehama,CA,4529,6928,0
Trinity,CA,1252,2175,0
Tulare,CA,22527,33974,0
Tuolumne,CA,2861,4939,0
Ventura,CA,40264,57805,0
Ventura,CA,40264,57805,0
Ventura,CA,40264,57805,0
Yolo,CA,7976,18266,0
Yuba,CA,4964,6766,0
Adams,CO,15652,35498,0
Alamosa,CO,1488,2481,0
Arapahoe,CO,23071,27940,0
Arapahoe,CO,23071,27940,0
Archuleta,CO,370,632,0
Baca,CO,1241,1366,0
Bent,CO,937,1737,0
Boulder,CO,17373,22737,0
Chaffee,CO,1476,2463,0
Cheyenne,CO,545,735,0
Clear Creek,CO,676,1086,0
Conejos,CO,1031,2033,0
Costilla,CO,299,1284,0
Crowley,CO,690,967,0
Custer,CO,358,406,0
Delta,CO,2883,3927,0
Denver,CO,73279,143480,0
Denver,CO,73279,143480,0
Dolores,CO,322,496,0
Douglas,CO,1336,1442,0
Eagle,CO,644,1299,0
El Paso,CO,23822,27844,0
Elbert,CO,924,857,0
Fremont,CO,3875,5181,0
Garfield,CO,2282,3196,0
Gilpin,CO,233,363,0
Grand,CO,814,902,0
Gunnison,CO,903,1540,0
Hinsdale,CO,107,94,0
Huerfano,CO,895,2734,0
Jackson,CO,354,384,0
Jefferson,CO,33398,43162,0
Kiowa,CO,579,701,0
Kit Carson,CO,1316,1906,0
La Plata,CO,3550,4442,0
Lake,CO,681,2362,0
Larimer,CO,11636,12776,0
Las Animas,CO,1833,6591,0
Lincoln,CO,1104,1327,0
Logan,CO,3497,4222,0
Mesa,CO,8317,12716,0
Mineral,CO,89,204,0
Moffat,CO,1438,1657,0
Montezuma,CO,2035,2686,0
Montrose,CO,2678,4009,0
Morgan,CO,3228,4271,0
Otero,CO,3605,5999,0
Ouray,CO,358,456,0
Park,CO,493,515,0
Phillips,CO,1012,1243,0
Pitkin,CO,540,958,0
Prowers,CO,2044,3759,0
Pueblo,CO,13103,34933,0
Rio Blanco,CO,1015,1134,0
Rio Grande,CO,1699,2161,0
Routt,CO,1095,1853,0
Saguache,CO,622,1099,0
San Juan,CO,129,278,0
San Miguel,CO,332,636,0
Sedgwick,CO,895,942,0
Summit,CO,344,483,0
Teller,CO,577,685,0
Washington,CO,1434,1341,0
Weld,CO,12204,17268,0
Yuma,CO,2007,2145,0
Fairfield,CT,125576,194782,0
Hartford,CT,88811,240071,0
Litchfield,CT,20834,40172,0
Middlesex,CT,14697,30517,0
New Haven,CT,97656,218743,0
New London,CT,24391,54551,0
Tolland,CT,9951,22195,0
Windham,CT,9080,25238,0
District of Columbia,DC,28801,169796,0
Kent,DE,9006,12981,0
New Castle,DE,54767,91752,0
Sussex,DE,14305,17971,0
Alachua,FL,11151,13483,0
Baker,FL,1121,1137,0
Bay,FL,12849,7846,0
Bradford,FL,1987,2320,0
Brevard,FL,24551,24833,0
Broward,FL,85264,68406,0
Calhoun,FL,1793,980,0
Charlotte,FL,4163,4831,0
Citrus,FL,2329,2521,0
Clay,FL,3805,3114,0
Collier,FL,3581,2877,0
Columbia,FL,4145,3249,0
Miami-Dade,FL,117480,208941,0
Miami-Dade,FL,117480,208941,0
Desoto,FL,1986,1777,0
Dixie,FL,908,923,0
Duval,FL,81116,79365,0
Escambia,FL,32414,25371,0
Flagler,FL,718,940,0
Franklin,FL,1419,1366,0
Franklin,FL,1419,1366,0
Gadsden,FL,5207,4556,0
Gilchrist,FL,540,711,0
Glades,FL,541,441,0
Gulf,FL,2001,1659,0
Hamilton,FL,1158,1302,0
Hardee,FL,2321,1908,0
Hendry,FL,1650,1352,0
Hernando,FL,2337,2320,0
Highlands,FL,4747,4233,0
Hillsborough,FL,50616,71289,0
Holmes,FL,3225,1193,0
Indian River,FL,6191,5122,0
Jackson,FL,7064,4386,0
Jefferson,FL,1684,1504,0
Lafayette,FL,648,545,0
Lake,FL,12897,7773,0
Lee,FL,12886,10204,0
Lee,FL,12886,10204,0
Lee,FL,12886,10204,0
Leon,FL,15181,10927,0
Levy,FL,1580,1986,0
Liberty,FL,910,377,0
Madison,FL,2822,2121,0
Manatee,FL,17147,13074,0
Marion,FL,10879,9112,0
Martin,FL,4292,3621,0
Monroe,FL,4842,8936,0
Monroe,FL,4842,8936,0
Monroe,FL,4842,8936,0
Monroe,FL,4842,8936,0
Nassau,FL,3134,2781,0
Okaloosa,FL,9961,7890,0
Okeechobee,FL,1316,1016,0
Orange,FL,48884,38248,0
Osceola,FL,4516,3531,0
Palm Beach,FL,49614,43836,0
Pasco,FL,7606,8135,0
Pinellas,FL,80414,98381,0
Pinellas,FL,80414,98381,0
Polk,FL,35906,29355,0
Putnam,FL,5072,4995,0
Santa Rosa,FL,5983,3570,0
Sarasota,FL,21917,13937,0
Seminole,FL,10078,9125,0
St. Johns,FL,7450,4357,0
St. Lucie,FL,7204,7748,0
Sumter,FL,1631,2259,0
Suwannee,FL,3002,2393,0
Taylor,FL,2661,1708,0
Union,FL,710,740,0
Volusia,FL,24988,34901,0
Wakulla,FL,1270,753,0
Walton,FL,3753,2449,0
Washington,FL,2725,1500,0
Appling,GA,2597,1562,0
Atkinson,GA,1157,811,0
Bacon,GA,2136,1179,0
Baker,GA,914,600,0
Baldwin,GA,3430,2740,0
Banks,GA,548,1258,0
Barrow,GA,2316,2277,0
Bartow,GA,2813,4635,0
Ben Hill,GA,2089,1523,0
Berrien,GA,4073,2658,0
Bibb,GA,25641,17831,0
Bleckley,GA,2578,978,0
Brantley,GA,1231,909,0
Brooks,GA,2342,1027,0
Brooks,GA,2342,1027,0
Bryan,GA,1433,857,0
Bulloch,GA,4823,2720,0
Burke,GA,3034,1208,0
Butts,GA,1261,1534,0
Calhoun,GA,1066,289,0
Camden,GA,1802,1693,0
Candler,GA,1710,795,0
Carroll,GA,4984,4794,0
Catoosa,GA,4143,2922,0
Charlton,GA,1179,574,0
Chatham,GA,33141,23176,0
Chattahoochee,GA,246,191,0
Chattooga,GA,1476,3986,0
Cherokee,GA,3398,3189,0
Clarke,GA,4875,7519,0
Clay,GA,544,360,0
Clayton,GA,10488,5869,0
Clinch,GA,1084,706,0
Cobb,GA,20863,16647,0
Coffee,GA,4392,2719,0
Colquitt,GA,6493,2563,0
Columbia,GA,2575,1428,0
Cook,GA,2058,1337,0
Coweta,GA,3656,3712,0
Crawford,GA,957,723,0
Crisp,GA,3337,1756,0
Dade,GA,1378,1227,0
Dawson,GA,639,932,0
DeKalb,GA,49448,37154,0
Decatur,GA,5060,2011,0
Dodge,GA,3285,2376,0
Dooly,GA,1662,1471,0
Dougherty,GA,12776,5248,0
Douglas,GA,3315,2501,0
Early,GA,2398,771,0
Echols,GA,399,184,0
Effingham,GA,2676,680,0
Elbert,GA,1887,3172,0
Emanuel,GA,3311,2279,0
Evans,GA,1572,799,0
Fannin,GA,3433,2834,0
Fayette,GA,1349,896,0
Floyd,GA,9849,8750,0
Forsyth,GA,1471,1682,0
Franklin,GA,864,2758,0
Fulton,GA,73205,93540,0
Gilmer,GA,2167,2159,0
Glascock,GA,836,134,0
Glynn,GA,7341,5712,0
Gordon,GA,2317,3260,0
Grady,GA,2983,1887,0
Greene,GA,1093,2698,0
Gwinnett,GA,6823,6705,0
Habersham,GA,1595,3412,0
Hall,GA,4296,8003,0
Hancock,GA,925,1074,0
Haralson,GA,3129,2186,0
Harris,GA,2166,940,0
Hart,GA,1166,3142,0
Heard,GA,807,1061,0
Henry,GA,3125,3583,0
Houston,GA,6532,4258,0
Irwin,GA,2017,740,0
Jackson,GA,1664,3953,0
Jasper,GA,1075,848,0
Jeff Davis,GA,1875,745,0
Jefferson,GA,2950,1253,0
Jenkins,GA,1509,908,0
Johnson,GA,1940,682,0
Jones,GA,1805,1380,0
Lamar,GA,1570,1548,0
Lanier,GA,719,661,0
Laurens,GA,5457,3828,0
Lee,GA,1041,244,0
Liberty,GA,1458,2212,0
Lincoln,GA,943,353,0
Long,GA,246,1336,0
Lowndes,GA,6811,4363,0
Lumpkin,GA,855,1189,0
Macon,GA,1723,1076,0
Macon,GA,1723,1076,0
Madison,GA,1190,2341,0
Marion,GA,719,365,0
McDuffie,GA,2657,1124,0
McIntosh,GA,795,1193,0
Meriwether,GA,2250,2423,0
Miller,GA,1658,274,0
Mitchell,GA,3265,1197,0
Monroe,GA,1665,1578,0
Montgomery,GA,1409,878,0
Morgan,GA,1485,1654,0
Murray,GA,1064,2426,0
Muscogee,GA,21025,12446,0
Newton,GA,2678,3620,0
Oconee,GA,1241,1073,0
Oglethorpe,GA,1126,864,0
Paulding,GA,1914,2513,0
Peach,GA,1970,1585,0
Pickens,GA,1955,1930,0
Pierce,GA,1981,982,0
Pike,GA,1064,946,0
Polk,GA,3282,4555,0
Pulaski,GA,1768,953,0
Putnam,GA,1196,1018,0
Quitman,GA,377,230,0
Rabun,GA,551,1796,0
Randolph,GA,1656,962,0
Richmond,GA,21481,13545,0
Rockdale,GA,1503,1972,0
Schley,GA,577,377,0
Screven,GA,2260,1446,0
Seminole,GA,1294,427,0
Spalding,GA,4763,5466,0
Stephens,GA,1371,3483,0
Stewart,GA,1037,373,0
Sumter,GA,3774,1727,0
Talbot,GA,679,627,0
Taliaferro,GA,337,628,0
Tattnall,GA,3264,1648,0
Taylor,GA,1372,1097,0
Taylor,GA,1372,1097,0
Telfair,GA,1914,1872,0
Terrell,GA,1921,569,0
Thomas,GA,6306,3257,0
Tift,GA,4650,2286,0
Toombs,GA,3543,1685,0
Towns,GA,1140,1289,0
Treutlen,GA,722,1331,0
Troup,GA,5277,6032,0
Turner,GA,1672,719,0
Twiggs,GA,1178,786,0
Union,GA,1473,2135,0
Upson,GA,3103,3275,0
Walker,GA,5939,5454,0
Walton,GA,2874,2350,0
Ware,GA,4948,5189,0
Warren,GA,1070,384,0
Washington,GA,2296,1830,0
Wayne,GA,3619,2182,0
Webster,GA,457,144,0
Wheeler,GA,849,980,0
White,GA,840,1520,0
Whitfield,GA,4546,7330,0
Wilcox,GA,1794,900,0
Wilkes,GA,1652,1437,0
Wilkinson,GA,2172,963,0
Worth,GA,3157,862,0
Adair,IA,1953,2851,0
Adams,IA,1321,1941,0
Allamakee,IA,3691,3504,0
Appanoose,IA,2872,4960,0
Audubon,IA,1871,3011,0
Benton,IA,3453,6614,0
Black Hawk,IA,19744,30716,0
Boone,IA,3543,7699,0
Bremer,IA,3880,5045,0
Buchanan,IA,3187,5621,0
Buena Vista,IA,3747,5245,0
Butler,IA,3462,3370,0
Calhoun,IA,2422,4407,0
Carroll,IA,2387,7807,0
Cass,IA,4182,4006,0
Cedar,IA,3106,4617,0
Cerro Gordo,IA,7884,13156,0
Cherokee,IA,3180,4336,0
Chickasaw,IA,2632,4545,0
Clarke,IA,1546,2659,0
Clay,IA,2999,4631,0
Clayton,IA,3923,5624,0
Clinton,IA,8219,14267,0
Crawford,IA,2999,5024,0
Dallas,IA,3763,7447,0
Davis,IA,1424,2966,0
Decatur,IA,1542,3331,0
Delaware,IA,3427,4623,0
Des Moines,IA,5830,13894,0
Dickinson,IA,2443,3490,0
Dubuque,IA,10104,23695,0
Emmet,IA,2611,3487,0
Fayette,IA,5567,6900,0
Floyd,IA,3721,5317,0
Franklin,IA,2452,3582,0
Fremont,IA,2044,2703,0
Greene,IA,2141,3828,0
Grundy,IA,3215,3582,0
Guthrie,IA,2169,3962,0
Hamilton,IA,3127,5195,0
Hancock,IA,2269,3857,0
Hardin,IA,3828,5459,0
Harrison,IA,3203,4575,0
Henry,IA,3247,4223,0
Howard,IA,2360,3841,0
Humboldt,IA,2250,3376,0
Ida,IA,1977,2905,0
Iowa,IA,2828,4261,0
Jackson,IA,3066,5130,0
Jasper,IA,5321,10216,0
Jefferson,IA,2755,4135,0
Johnson,IA,6860,14717,0
Jones,IA,3154,5511,0
Keokuk,IA,2597,4790,0
Kossuth,IA,3776,6893,0
Lee,IA,6321,12244,0
Linn,IA,21845,40106,0
Louisa,IA,1845,2624,0
Lucas,IA,1935,3310,0
Lyon,IA,3185,2747,0
Madison,IA,2250,3518,0
Mahaska,IA,3787,6396,0
Marion,IA,3903,7911,0
Marshall,IA,6323,9815,0
Mills,IA,2424,2463,0
Mitchell,IA,2489,3868,0
Monona,IA,2208,3971,0
Monroe,IA,1588,3186,0
Montgomery,IA,3101,3489,0
Muscatine,IA,5547,8020,0
O'Brien,IA,4336,4295,0
Osceola,IA,1798,2498,0
Page,IA,4775,4402,0
Palo Alto,IA,2206,4441,0
Plymouth,IA,4920,5691,0
Pocahontas,IA,2079,3988,0
Polk,IA,37280,74194,0
Pottawattamie,IA,14208,17569,0
Poweshiek,IA,3109,5213,0
Ringgold,IA,1571,2260,0
Sac,IA,2937,4358,0
Scott,IA,19488,31526,0
Shelby,IA,2928,4148,0
Sioux,IA,8078,4233,0
Story,IA,8188,12329,0
Tama,IA,3543,6057,0
Taylor,IA,2162,2780,0
Union,IA,2502,3751,0
Van Buren,IA,1700,2555,0
Wapello,IA,5524,13971,0
Warren,IA,3679,6639,0
Washington,IA,3315,4587,0
Wayne,IA,1994,3062,0
Webster,IA,6576,13005,0
Winnebago,IA,2331,3677,0
Winneshiek,IA,3941,5811,0
Woodbury,IA,17347,26841,0
Worth,IA,1777,2936,0
Wright,IA,2831,4998,0
Ada,ID,25404,19639,0
Adams,ID,689,750,0
Bannock,ID,7825,13483,0
Bear Lake,ID,1409,1857,0
Benewah,ID,981,1796,0
Bingham,ID,5364,5231,0
Blaine,ID,1161,1293,0
Boise,ID,414,450,0
Bonner,ID,2975,4328,0
Bonneville,ID,10736,9637,0
Boundary,ID,1065,1418,0
Butte,ID,649,848,0
Camas,ID,316,258,0
Canyon,ID,13466,10601,0
Caribou,ID,1303,1422,0
Cassia,ID,4009,2608,0
Clark,ID,262,186,0
Clearwater,ID,767,2446,0
Custer,ID,720,714,0
Elmore,ID,1857,2310,0
Franklin,ID,2400,1583,0
Fremont,ID,1945,1970,0
Gem,ID,1979,2328,0
Gooding,ID,2527,1848,0
Idaho,ID,1990,3188,0
Jefferson,ID,2740,2061,0
Jerome,ID,3113,1828,0
Kootenai,ID,6096,8215,0
Latah,ID,3475,5249,0
Lemhi,ID,1496,1067,0
Lewis,ID,487,1557,0
Lincoln,ID,969,617,0
Madison,ID,2101,1949,0
Minidoka,ID,3111,2827,0
Nez Perce,ID,3912,9245,0
Oneida,ID,1111,768,0
Owyhee,ID,1216,1168,0
Payette,ID,2764,2508,0
Power,ID,966,1161,0
Shoshone,ID,2884,5194,0
Teton,ID,675,598,0
Twin Falls,ID,11518,7638,0
Valley,ID,980,1126,0
Washington,ID,1730,1952,0
Adams,IL,13993,18321,0
Alexander,IL,2895,4763,0
Bond,IL,3058,3815,0
Boone,IL,5053,3694,0
Brown,IL,1355,2083,0
Bureau,IL,9552,9086,0
Calhoun,IL,1288,1805,0
Carroll,IL,4487,4062,0
Cass,IL,2836,4424,0
Champaign,IL,22010,25792,0
Christian,IL,6153,11898,0
Clark,IL,4403,4464,0
Clay,IL,3665,4551,0
Clinton,IL,4692,7339,0
Coles,IL,8878,11377,0
Cook,IL,895718,1537181,0
Crawford,IL,4834,5624,0
Cumberland,IL,2251,3056,0
De Witt,IL,3605,4371,0
DeKalb,IL,11791,10257,0
Douglas,IL,4223,4695,0
DuPage,IL,98871,66229,0
Edgar,IL,5827,5966,0
Edwards,IL,2262,1991,0
Effingham,IL,5044,6782,0
Fayette,IL,4492,6295,0
Ford,IL,4650,3427,0
Franklin,IL,7620,13581,0
Fulton,IL,7785,13030,0
Gallatin,IL,1394,2845,0
Greene,IL,3128,4781,0
Grundy,IL,5522,5246,0
Hamilton,IL,2561,3133,0
Hancock,IL,5557,6199,0
Hardin,IL,1324,1639,0
Henderson,IL,1863,2271,0
Henry,IL,10644,12085,0
Iroquois,IL,9423,7029,0
Jackson,IL,7013,12165,0
Jasper,IL,2614,3406,0
Jefferson,IL,6248,9653,0
Jersey,IL,3041,3936,0
Jo Daviess,IL,4607,4818,0
Johnson,IL,2217,1770,0
Kane,IL,46391,40703,0
Kankakee,IL,16082,20792,0
Kendall,IL,5710,3430,0
Knox,IL,12850,15000,0
LaSalle,IL,21216,30923,0
Lake,IL,58840,62785,0
Lawrence,IL,4176,5136,0
Lee,IL,8445,7315,0
Livingston,IL,10239,8476,0
Logan,IL,6805,7712,0
Macon,IL,17957,35045,0
Macoupin,IL,8430,15227,0
Madison,IL,30009,65115,0
Marion,IL,7060,12363,0
Marshall,IL,3209,3561,0
Mason,IL,2833,4857,0
Massac,IL,3078,3396,0
McDonough,IL,6907,6144,0
McHenry,IL,22503,18014,0
McLean,IL,19120,19550,0
Menard,IL,2322,2491,0
Mercer,IL,4220,4410,0
Monroe,IL,3936,4605,0
Montgomery,IL,6425,10581,0
Morgan,IL,7240,9235,0
Moultrie,IL,2493,3733,0
Ogle,IL,10430,6917,0
Peoria,IL,33327,47360,0
Perry,IL,4287,6639,0
Piatt,IL,3141,3897,0
Pike,IL,4113,6576,0
Pope,IL,1329,1117,0
Pulaski,IL,1716,3332,0
Pulaski,IL,1716,3332,0
Putnam,IL,1131,1359,0
Randolph,IL,5803,9199,0
Richland,IL,3901,4239,0
Rock Island,IL,23714,41759,0
Saline,IL,5691,8337,0
Sangamon,IL,33077,43073,0
Schuyler,IL,2417,2504,0
Scott,IL,1627,1952,0
Shelby,IL,4281,7088,0
St. Clair,IL,28226,74005,0
Stark,IL,2117,1776,0
Stephenson,IL,9252,10854,0
Tazewell,IL,17170,28561,0
Union,IL,3142,5208,0
Vermilion,IL,19506,24765,0
Wabash,IL,2905,3721,0
Warren,IL,5258,4670,0
Washington,IL,3840,3670,0
Wayne,IL,4745,5198,0
White,IL,4000,5963,0
Whiteside,IL,12940,12536,0
Will,IL,38619,49663,0
Williamson,IL,9130,14613,0
Winnebago,IL,39920,48834,0
Woodford,IL,6248,5914,0
Adams,IN,4230,6637,0
Allen,IN,49284,50706,0
Bartholomew,IN,11026,12940,0
Benton,IN,2886,2940,0
Blackford,IN,2552,4210,0
Boone,IN,7419,6716,0
Brown,IN,1390,2135,0
Carroll,IN,3896,4789,0
Cass,IN,7735,11148,0
Clark,IN,7701,17330,0
Clay,IN,5412,6528,0
Clinton,IN,7157,8353,0
Crawford,IN,1828,2514,0
Daviess,IN,6319,6528,0
DeKalb,IN,6210,7559,0
Dearborn,IN,5473,7699,0
Decatur,IN,4702,5564,0
Delaware,IN,20022,28469,0
Dubois,IN,3800,10114,0
Elkhart,IN,19870,21679,0
Fayette,IN,4637,6713,0
Floyd,IN,7834,15656,0
Fountain,IN,4666,5574,0
Franklin,IN,2956,4021,0
Fulton,IN,4410,4374,0
Gibson,IN,5865,10507,0
Grant,IN,14688,17574,0
Greene,IN,5919,8574,0
Hamilton,IN,12060,7553,0
Hancock,IN,6370,6573,0
Harrison,IN,3671,5949,0
Hendricks,IN,11497,8857,0
Henry,IN,10184,12374,0
Howard,IN,12897,17809,0
Huntington,IN,7438,9308,0
Jackson,IN,6285,8572,0
Jasper,IN,4497,3995,0
Jay,IN,4439,6781,0
Jefferson,IN,4808,6694,0
Jennings,IN,3469,4307,0
Johnson,IN,10472,10099,0
Knox,IN,7612,12678,0
Kosciusko,IN,10488,8759,0
LaPorte,IN,16270,22220,0
LaGrange,IN,2785,2818,0
Lake,IN,73722,134978,0
Lawrence,IN,8186,8677,0
Madison,IN,24171,33325,0
Marion,IN,143015,152418,0
Marshall,IN,7895,8397,0
Martin,IN,2000,3137,0
Miami,IN,6270,7667,0
Monroe,IN,10309,11918,0
Montgomery,IN,7823,8042,0
Morgan,IN,8347,7011,0
Newton,IN,2780,2547,0
Noble,IN,5682,7621,0
Ohio,IN,905,1397,0
Orange,IN,4187,4490,0
Owen,IN,2788,3339,0
Parke,IN,3570,4034,0
Perry,IN,3090,6226,0
Pike,IN,2703,4519,0
Porter,IN,14480,12975,0
Posey,IN,3573,6164,0
Pulaski,IN,3202,3408,0
Putnam,IN,5331,6275,0
Randolph,IN,6551,6804,0
Ripley,IN,4587,5933,0
Rush,IN,4507,4450,0
Scott,IN,1992,4205,0
Shelby,IN,7310,9078,0
Spencer,IN,3980,4834,0
St. Joseph,IN,39872,65844,0
Starke,IN,3466,4838,0
Steuben,IN,4075,3999,0
Sullivan,IN,3867,7351,0
Switzerland,IN,1390,2231,0
Tippecanoe,IN,19036,20257,0
Tipton,IN,3863,4410,0
Union,IN,1531,1463,0
Vanderburgh,IN,27231,45796,0
Vermillion,IN,3397,5957,0
Vigo,IN,19001,27606,0
Wabash,IN,6905,7485,0
Warren,IN,2154,2261,0
Warrick,IN,4376,7222,0
Washington,IN,3598,4943,0
Wayne,IN,15342,15269,0
Wells,IN,4018,5945,0
White,IN,5015,5407,0
Whitley,IN,4896,5798,0
Allen,KS,2841,3369,0
Anderson,KS,1692,2058,0
Atchison,KS,3147,5037,0
Barber,KS,1758,1845,0
Barton,KS,4826,7340,0
Bourbon,KS,3290,3980,0
Brown,KS,3213,2386,0
Butler,KS,6364,9061,0
Chase,KS,902,886,0
Chautauqua,KS,1463,1163,0
Cherokee,KS,3730,5720,0
Cheyenne,KS,1147,886,0
Clark,KS,777,881,0
Clay,KS,3030,1806,0
Cloud,KS,2680,3314,0
Coffey,KS,1998,1594,0
Comanche,KS,694,818,0
Cowley,KS,7092,7591,0
Crawford,KS,6286,10282,0
Decatur,KS,1382,1314,0
Dickinson,KS,4704,4070,0
Doniphan,KS,1952,1856,0
Douglas,KS,7825,9416,0
Edwards,KS,932,1427,0
Elk,KS,1267,994,0
Ellis,KS,2440,5553,0
Ellsworth,KS,1406,2118,0
Finney,KS,2201,3639,0
Ford,KS,3481,5221,0
Franklin,KS,3725,4410,0
Geary,KS,2259,3419,0
Gove,KS,774,1022,0
Graham,KS,1194,1193,0
Grant,KS,727,1023,0
Gray,KS,643,1136,0
Greeley,KS,388,469,0
Greenwood,KS,2717,2048,0
Hamilton,KS,685,726,0
Harper,KS,1969,1813,0
Harvey,KS,4979,5306,0
Haskell,KS,570,820,0
Hodgeman,KS,607,821,0
Jackson,KS,2334,1971,0
Jefferson,KS,2380,2066,0
Jewell,KS,1895,1601,0
Johnson,KS,37672,31213,0
Kearny,KS,563,737,0
Kingman,KS,1917,2226,0
Kiowa,KS,1135,970,0
Labette,KS,4761,6208,0
Lane,KS,586,773,0
Leavenworth,KS,5544,7479,0
Lincoln,KS,1373,1316,0
Linn,KS,1939,1725,0
Logan,KS,967,957,0
Lyon,KS,5184,6197,0
Marion,KS,3481,2792,0
Marshall,KS,3432,3334,0
McPherson,KS,4483,5173,0
Meade,KS,1290,1179,0
Miami,KS,2907,4620,0
Mitchell,KS,1951,1898,0
Montgomery,KS,8437,8853,0
Morris,KS,1683,1605,0
Morton,KS,609,938,0
Nemaha,KS,2391,3260,0
Neosho,KS,3458,4795,0
Ness,KS,1034,1562,0
Norton,KS,2245,1449,0
Osage,KS,2681,2737,0
Osborne,KS,1700,1659,0
Ottawa,KS,1491,1535,0
Pawnee,KS,1468,2577,0
Phillips,KS,2164,1804,0
Pottawatomie,KS,2606,2432,0
Pratt,KS,2493,2594,0
Rawlins,KS,1292,959,0
Reno,KS,8829,14936,0
Republic,KS,2414,2222,0
Rice,KS,2390,3665,0
Riley,KS,6396,5597,0
Rooks,KS,1985,1923,0
Rush,KS,1098,1778,0
Russell,KS,2435,2505,0
Saline,KS,6533,9725,0
Scott,KS,1143,1016,0
Sedgwick,KS,52592,66372,0
Seward,KS,2910,2520,0
Shawnee,KS,25736,30626,0
Sheridan,KS,808,1028,0
Sherman,KS,1463,1522,0
Smith,KS,2026,1809,0
Stafford,KS,1516,2087,0
Stanton,KS,459,500,0
Stevens,KS,992,1006,0
Sumner,KS,4760,5574,0
Thomas,KS,1528,1793,0
Trego,KS,974,1177,0
Wabaunsee,KS,1839,1287,0
Wallace,KS,516,496,0
Washington,KS,2654,2015,0
Wichita,KS,529,662,0
Wilson,KS,2919,2592,0
Woodson,KS,1279,1128,0
Wyandotte,KS,20553,43442,0
Adair,KY,3052,2854,0
Allen,KY,2309,2023,0
Anderson,KY,1085,2491,0
Ballard,KY,519,2867,0
Ballard,KY,519,2867,0
Barren,KY,2936,6420,0
Bath,KY,1009,2571,0
Bell,KY,4185,6979,0
Boone,KY,3430,5077,0
Bourbon,KY,1222,4068,0
Boyd,KY,6941,11436,0
Boyle,KY,1972,4976,0
Bracken,KY,861,1958,0
Breathitt,KY,669,4714,0
Breckinridge,KY,2167,3733,0
Bullitt,KY,1417,3900,0
Butler,KY,2429,1555,0
Caldwell,KY,1738,2831,0
Calloway,KY,1576,7290,0
Campbell,KY,12209,16012,0
Carlisle,KY,282,1565,0
Carroll,KY,491,2592,0
Carter,KY,2821,4136,0
Casey,KY,3457,1875,0
Christian,KY,3882,8727,0
Clark,KY,2019,4205,0
Clay,KY,3223,3098,0
Clinton,KY,2351,994,0
Crittenden,KY,1863,1627,0
Cumberland,KY,1794,1348,0
Daviess,KY,8350,15253,0
Edmonson,KY,1603,1022,0
Elliott,KY,323,2026,0
Estill,KY,1996,2105,0
Fayette,KY,18739,25317,0
Fleming,KY,1668,2678,0
Floyd,KY,2352,11644,0
Franklin,KY,2320,10130,0
Fulton,KY,1169,2493,0
Fulton,KY,1169,2493,0
Gallatin,KY,267,1246,0
Garrard,KY,1828,2092,0
Grant,KY,1068,2461,0
Graves,KY,2389,9958,0
Grayson,KY,2974,2920,0
Green,KY,2110,2160,0
Greenup,KY,4045,6680,0
Hancock,KY,756,1423,0
Hardin,KY,3744,7460,0
Harlan,KY,4025,9394,0
Harrison,KY,1054,4179,0
Hart,KY,1961,3313,0
Henderson,KY,2734,8022,0
Henry,KY,838,3521,0
Hickman,KY,613,2149,0
Hopkins,KY,3328,7954,0
Jackson,KY,2654,920,0
Jefferson,KY,80951,146023,0
Jessamine,KY,1968,2485,0
Johnson,KY,3075,3053,0
Kenton,KY,15630,23103,0
Knott,KY,482,4739,0
Knox,KY,3583,4150,0
Larue,KY,1195,2742,0
Laurel,KY,5008,3633,0
Lawrence,KY,1745,2703,0
Lee,KY,1162,1376,0
Leslie,KY,1971,1795,0
Letcher,KY,2632,5420,0
Lewis,KY,2230,2047,0
Lincoln,KY,1958,3307,0
Livingston,KY,821,2147,0
Logan,KY,2232,6234,0
Lyon,KY,583,1412,0
Madison,KY,4266,6877,0
Magoffin,KY,1327,2498,0
Marion,KY,1074,4265,0
Marshall,KY,1679,5968,0
Martin,KY,1567,1694,0
Mason,KY,2437,4502,0
McCracken,KY,4543,16178,0
McCreary,KY,2230,1428,0
McLean,KY,1173,2576,0
Meade,KY,1055,3076,0
Menifee,KY,318,1076,0
Mercer,KY,1732,3564,0
Metcalfe,KY,1277,1967,0
Monroe,KY,3293,1713,0
Montgomery,KY,1540,3039,0
Morgan,KY,546,3293,0
Muhlenberg,KY,3300,6421,0
Nelson,KY,1683,5586,0
Nicholas,KY,621,1742,0
Ohio,KY,2979,3303,0
Oldham,KY,1256,2622,0
Owen,KY,405,2980,0
Owsley,KY,1167,571,0
Pendleton,KY,1313,2495,0
Perry,KY,3211,6728,0
Pike,KY,7078,14140,0
Powell,KY,993,1622,0
Pulaski,KY,7383,5840,0
Robertson,KY,383,734,0
Rockcastle,KY,2829,1631,0
Rowan,KY,1554,2824,0
Russell,KY,2521,1729,0
Scott,KY,1330,3289,0
Shelby,KY,1384,4933,0
Simpson,KY,967,3168,0
Spencer,KY,525,1422,0
Taylor,KY,2594,3082,0
Todd,KY,1339,2738,0
Trigg,KY,912,2790,0
Trimble,KY,292,1881,0
Union,KY,1220,3934,0
Warren,KY,5915,9887,0
Washington,KY,1561,2790,0
Wayne,KY,2389,2737,0
Webster,KY,1217,3741,0
Whitley,KY,4779,4782,0
Wolfe,KY,562,2018,0
Woodford,KY,1215,2974,0
Acadia,LA,6706,9463,0
Allen,LA,2704,3787,0
Ascension,LA,3197,4879,0
Assumption,LA,2112,3056,0
Avoyelles,LA,4874,5102,0
Beauregard,LA,3349,3049,0
Bienville,LA,3740,855,0
Bossier,LA,9822,1937,0
Caddo,LA,42197,10158,0
Calcasieu,LA,17046,23285,0
Caldwell,LA,2534,609,0
Cameron,LA,871,1576,0
Catahoula,LA,2387,560,0
Claiborne,LA,3917,482,0
Concordia,LA,4022,809,0
De Soto,LA,3954,1254,0
East Baton Rouge,LA,36964,26152,0
East Carroll,LA,1486,263,0
East Feliciana,LA,1900,486,0
Evangeline,LA,3975,6163,0
Franklin,LA,5470,759,0
Grant,LA,3292,1454,0
Iberia,LA,8196,8141,0
Iberia,LA,8196,8141,0
Iberville,LA,3432,4445,0
Jackson,LA,4521,1552,0
Jefferson Davis,LA,3673,4966,0
Jefferson,LA,37161,31804,0
Jefferson,LA,37161,31804,0
La Salle,LA,4319,864,0
Lafayette,LA,12398,14487,0
Lafourche,LA,6164,12045,0
Lincoln,LA,5766,1714,0
Livingston,LA,5508,3509,0
Madison,LA,2061,417,0
Madison,LA,2061,417,0
Morehouse,LA,6222,891,0
Natchitoches,LA,5525,2975,0
Orleans,LA,81049,82045,0
Ouachita,LA,21024,4174,0
Plaquemines,LA,4904,775,0
Pointe Coupee,LA,2327,2247,0
Rapides,LA,18122,9992,0
Red River,LA,2235,334,0
Richland,LA,4498,747,0
Sabine,LA,4165,2081,0
St. Bernard,LA,8055,6175,0
St. Bernard,LA,8055,6175,0
St. Charles,LA,2715,5085,0
St. Helena,LA,1319,706,0
St. James,LA,1467,4214,0
St. John the Baptist,LA,1694,3958,0
St. Landry,LA,10920,11807,0
St. Martin,LA,2793,4675,0
St. Martin,LA,2793,4675,0
St. Mary,LA,5530,7327,0
St. Tammany,LA,7883,6694,0
Tangipahoa,LA,9732,7109,0
Tensas,LA,1655,192,0
Terrebonne,LA,6729,8577,0
Union,LA,4534,1155,0
Vermilion,LA,4984,9204,0
Vernon,LA,3696,3564,0
Washington,LA,7438,4825,0
Webster,LA,8177,1755,0
West Baton Rouge,LA,1835,1892,0
West Carroll,LA,3017,395,0
West Feliciana,LA,897,223,0
West Feliciana,LA,897,223,0
Winn,LA,4366,1193,0
Barnstable,MA,15133,20101,0
Berkshire,MA,15160,48839,0
Bristol,MA,39230,146885,0
Dukes,MA,1015,2187,0
Dukes,MA,1015,2187,0
Essex,MA,71653,210135,0
Franklin,MA,8344,17106,0
Hampden,MA,44299,133085,0
Hampshire,MA,11385,32058,0
Middlesex,MA,134729,439790,0
Nantucket,MA,587,1197,0
Norfolk,MA,68612,186488,0
Norfolk,MA,68612,186488,0
Norfolk,MA,68612,186488,0
Plymouth,MA,37941,82007,0
Suffolk,MA,40251,257161,0
Suffolk,MA,40251,257161,0
Worcester,MA,61388,209383,0
Allegany,MD,12384,20425,0
Anne Arundel,MD,26725,37981,0
Baltimore,MD,153959,357869,0
Baltimore,MD,153959,357869,0
Calvert,MD,1765,3335,0
Caroline,MD,2696,3710,0
Carroll,MD,8332,8451,0
Cecil,MD,5330,7854,0
Charles,MD,3455,6546,0
Dorchester,MD,5327,4564,0
Frederick,MD,9264,14548,0
Garrett,MD,3624,3515,0
Harford,MD,9968,13550,0
Howard,MD,6833,8185,0
Kent,MD,2008,4113,0
Montgomery,MD,52554,103113,0
Prince George's,MD,46413,81806,0
Queen Anne's,MD,1955,4052,0
Somerset,MD,3155,4527,0
St. Mary's,MD,2878,5831,0
Talbot,MD,3693,4671,0
Washington,MD,12756,19858,0
Wicomico,MD,7448,8695,0
Worcester,MD,2973,3713,0
Androscoggin,ME,7441,30080,0
Aroostook,ME,9994,17552,0
Cumberland,ME,22365,50844,0
Cumberland,ME,22365,50844,0
Franklin,ME,2887,5784,0
Hancock,ME,6304,7415,0
Hancock,ME,6304,7415,0
Hancock,ME,6304,7415,0
Hancock,ME,6304,7415,0
Hancock,ME,6304,7415,0
Hancock,ME,6304,7415,0
Kennebec,ME,11307,24813,0
Knox,ME,4404,7022,0
Knox,ME,4404,7022,0
Knox,ME,4404,7022,0
Knox,ME,4404,7022,0
Lincoln,ME,3984,5099,0
Lincoln,ME,3984,5099,0
Oxford,ME,5340,13616,0
Penobscot,ME,14449,28766,0
Piscataquis,ME,2473,4781,0
Sagadahoc,ME,2733,7006,0
Somerset,ME,4541,10694,0
Waldo,ME,3324,5397,0
Waldo,ME,3324,5397,0
Washington,ME,3816,9312,0
York,ME,13339,34083,0
Alcona,MI,1199,1611,0
Alger,MI,1010,2743,0
Allegan,MI,11223,11934,0
Alpena,MI,3954,7508,0
Antrim,MI,2172,2684,0
Arenac,MI,1413,2436,0
Baraga,MI,1160,2568,0
Barry,MI,5509,8102,0
Bay,MI,11896,29754,0
Benzie,MI,1674,1983,0
Berrien,MI,26387,33653,0
Branch,MI,5110,7858,0
Calhoun,MI,18987,32939,0
Cass,MI,5925,8789,0
Charlevoix,MI,2664,3757,0
Charlevoix,MI,2664,3757,0
Cheboygan,MI,2342,4028,0
Chippewa,MI,4098,6537,0
Clare,MI,2258,2927,0
Clinton,MI,5891,8932,0
Crawford,MI,696,1464,0
Delta,MI,4434,10046,0
Dickinson,MI,3365,7921,0
Eaton,MI,8919,12590,0
Emmet,MI,2731,4197,0
Genesee,MI,48311,100346,0
Gladwin,MI,1941,2725,0
Gogebic,MI,3350,7945,0
Grand Traverse,MI,6198,7475,0
Gratiot,MI,5369,7383,0
Hillsdale,MI,6420,6564,0
Houghton,MI,5024,9761,0
Huron,MI,6263,7349,0
Ingham,MI,32965,53685,0
Ionia,MI,5698,10362,0
Iosco,MI,2704,4336,0
Iron,MI,2399,6011,0
Isabella,MI,4672,7040,0
Jackson,MI,20940,28219,0
Kalamazoo,MI,27100,40789,0
Kalkaska,MI,861,1220,0
Kent,MI,66830,86860,0
Keweenaw,MI,374,860,0
Keweenaw,MI,374,860,0
Lake,MI,791,1978,0
Lapeer,MI,6012,8595,0
Leelanau,MI,2074,2369,0
Leelanau,MI,2074,2369,0
Leelanau,MI,2074,2369,0
Lenawee,MI,11385,16815,0
Livingston,MI,6723,9698,0
Luce,MI,871,1459,0
Mackinac,MI,1967,2748,0
Macomb,MI,44684,131450,0
Manistee,MI,2918,5520,0
Marquette,MI,6615,14045,0
Mason,MI,3842,5993,0
Mecosta,MI,3454,4214,0
Menominee,MI,3545,7119,0
Midland,MI,9020,12587,0
Missaukee,MI,1786,1288,0
Monroe,MI,11499,26528,0
Montcalm,MI,5181,8970,0
Montmorency,MI,863,1369,0
Muskegon,MI,22146,36769,0
Newaygo,MI,4931,5457,0
Oakland,MI,114025,182797,0
Oceana,MI,2958,3773,0
Ogemaw,MI,1609,2812,0
Ontonagon,MI,1658,3485,0
Osceola,MI,2779,2891,0
Oscoda,MI,784,930,0
Otsego,MI,1214,2245,0
Ottawa,MI,24512,20151,0
Presque Isle,MI,1770,3565,0
Roscommon,MI,1722,2345,0
Saginaw,MI,28146,45309,0
Sanilac,MI,7590,6266,0
Schoolcraft,MI,1397,2675,0
Shiawassee,MI,7786,13676,0
St. Clair,MI,17011,24662,0
St. Joseph,MI,7307,9284,0
Tuscola,MI,7509,9374,0
Van Buren,MI,8120,11336,0
Washtenaw,MI,25595,42089,0
Wayne,MI,260901,831674,0
Wexford,MI,3016,4414,0
Aitkin,MN,2000,3874,0
Anoka,MN,13201,31714,0
Becker,MN,3751,6453,0
Beltrami,MN,3184,5967,0
Benton,MN,2818,4679,0
Big Stone,MN,1331,2831,0
Blue Earth,MN,8009,10687,0
Brown,MN,5851,6069,0
Carlton,MN,2780,9552,0
Carver,MN,5424,5123,0
Cass,MN,3110,4635,0
Chippewa,MN,2806,4550,0
Chisago,MN,2525,4347,0
Clay,MN,6085,10161,0
Clearwater,MN,1137,2596,0
Cook,MN,764,976,0
Cottonwood,MN,3423,4090,0
Crow Wing,MN,5131,9197,0
Dakota,MN,13856,28391,0
Dodge,MN,2474,3138,0
Douglas,MN,4122,6040,0
Faribault,MN,4817,5946,0
Fillmore,MN,4824,5813,0
Freeborn,MN,6136,10554,0
Goodhue,MN,6539,9035,0
Grant,MN,1734,2631,0
Hennepin,MN,154736,241020,0
Houston,MN,3433,3885,0
Hubbard,MN,2283,2553,0
Isanti,MN,1982,4026,0
Itasca,MN,4137,12054,0
Jackson,MN,2441,4576,0
Kanabec,MN,1348,2666,0
Kandiyohi,MN,4011,9108,0
Kittson,MN,1153,2790,0
Koochiching,MN,1602,5878,0
Lac Qui Parle,MN,2236,3934,0
Lake,MN,1205,4704,0
Lake of the Woods,MN,489,1266,0
Le Sueur,MN,3191,6117,0
Lincoln,MN,1393,3024,0
Lyon,MN,3165,6649,0
Mahnomen,MN,648,1967,0
Marshall,MN,1893,4594,0
Martin,MN,6529,5575,0
McLeod,MN,5545,5755,0
Meeker,MN,3099,5270,0
Mille Lacs,MN,2474,4369,0
Morrison,MN,3515,7492,0
Mower,MN,6510,13573,0
Murray,MN,2325,3822,0
Nicollet,MN,3605,5121,0
Nobles,MN,3517,6431,0
Norman,MN,1662,3631,0
Olmsted,MN,12699,16195,0
Otter Tail,MN,10542,9997,0
Pennington,MN,1630,3894,0
Pine,MN,2279,5123,0
Pipestone,MN,2481,3365,0
Polk,MN,5039,11052,0
Pope,MN,2213,3549,0
Ramsey,MN,56898,133948,0
Red Lake,MN,573,1861,0
Redwood,MN,4546,4722,0
Renville,MN,4340,6072,0
Rice,MN,5518,9299,0
Rock,MN,2389,2896,0
Roseau,MN,1651,3636,0
Scott,MN,3311,7248,0
Sherburne,MN,2132,3787,0
Sibley,MN,3854,3577,0
St. Louis,MN,25246,79529,0
Stearns,MN,13009,19063,0
Steele,MN,4882,6022,0
Stevens,MN,2220,2910,0
Swift,MN,2132,4380,0
Todd,MN,4006,5673,0
Traverse,MN,1073,2247,0
Wabasha,MN,3133,4367,0
Wadena,MN,2418,2908,0
Waseca,MN,3570,3633,0
Washington,MN,8850,18108,0
Watonwan,MN,2823,3615,0
Wilkin,MN,1636,2751,0
Winona,MN,6345,11397,0
Wright,MN,5476,8687,0
Yellow Medicine,MN,2751,4707,0
Adair,MO,3573,4235,0
Andrew,MO,2594,3211,0
Atchison,MO,1653,2870,0
Audrain,MO,3316,7387,0
Barry,MO,4757,5307,0
Barton,MO,2332,3173,0
Bates,MO,3514,5162,0
Benton,MO,2477,2030,0
Bollinger,MO,2125,2792,0
Boone,MO,7695,14758,0
Buchanan,MO,11501,24164,0
Butler,MO,5616,7710,0
Caldwell,MO,2125,2475,0
Callaway,MO,2983,5916,0
Camden,MO,2607,2522,0
Cape Girardeau,MO,8776,11431,0
Carroll,MO,2994,4069,0
Carter,MO,761,1232,0
Cass,MO,3665,6658,0
Cedar,MO,2478,2247,0
Chariton,MO,1932,3862,0
Christian,MO,3232,2646,0
Clark,MO,1660,2223,0
Clay,MO,13997,23993,0
Clinton,MO,1800,3598,0
Cole,MO,10068,8127,0
Cooper,MO,3530,4201,0
Crawford,MO,2660,3444,0
Dade,MO,1931,1641,0
Dallas,MO,2268,1983,0
Daviess,MO,1874,2739,0
DeKalb,MO,1679,2347,0
Dent,MO,1788,2860,0
Douglas,MO,2280,1593,0
Dunklin,MO,3465,8467,0
Franklin,MO,8313,13464,0
Gasconade,MO,3672,2126,0
Gentry,MO,1677,3198,0
Greene,MO,23989,30130,0
Grundy,MO,2411,3363,0
Harrison,MO,2516,2787,0
Henry,MO,3083,5761,0
Hickory,MO,1157,854,0
Holt,MO,1726,1871,0
Howard,MO,1339,3507,0
Howell,MO,4632,4968,0
Iron,MO,1050,2730,0
Jackson,MO,78766,161290,0
Jasper,MO,15481,18045,0
Jefferson,MO,7887,18916,0
Johnson,MO,4348,6412,0
Knox,MO,1305,2085,0
Laclede,MO,3848,4517,0
Lafayette,MO,5493,7400,0
Lawrence,MO,6047,6383,0
Lewis,MO,1239,3281,0
Lincoln,MO,2271,4993,0
Linn,MO,2883,5735,0
Livingston,MO,2703,5320,0
Macon,MO,2837,5389,0
Madison,MO,1756,2718,0
Maries,MO,1183,2063,0
Marion,MO,3605,8314,0
McDonald,MO,3055,3488,0
Mercer,MO,1040,1284,0
Miller,MO,3784,2858,0
Mississippi,MO,1665,4015,0
Moniteau,MO,2758,2624,0
Monroe,MO,928,4103,0
Montgomery,MO,2610,3289,0
Morgan,MO,2742,2468,0
New Madrid,MO,2583,7415,0
Newton,MO,6660,8139,0
Nodaway,MO,3789,6690,0
Oregon,MO,992,2908,0
Osage,MO,2712,2608,0
Ozark,MO,1540,1064,0
Pemiscot,MO,2658,5083,0
Perry,MO,2837,3456,0
Pettis,MO,5409,8987,0
Phelps,MO,3755,5776,0
Pike,MO,1944,5273,0
Platte,MO,3059,6143,0
Polk,MO,3288,3353,0
Pulaski,MO,1856,3383,0
Putnam,MO,1547,1484,0
Ralls,MO,736,2847,0
Randolph,MO,2485,6988,0
Ray,MO,1734,5189,0
Reynolds,MO,530,1835,0
Ripley,MO,1684,2688,0
Saline,MO,3635,7308,0
Schuyler,MO,1072,1449,0
Scotland,MO,1215,2187,0
Scott,MO,3212,7512,0
Shannon,MO,904,2312,0
Shelby,MO,1212,3156,0
St. Charles,MO,9020,14530,0
St. Clair,MO,1961,2593,0
St. Francois,MO,5690,10567,0
St. Louis,MO,194566,421616,0
St. Louis,MO,194566,421616,0
Ste. Genevieve,MO,1316,3768,0
Stoddard,MO,3014,5944,0
Stone,MO,2377,1835,0
Sullivan,MO,2052,2695,0
Taney,MO,2741,2544,0
Texas,MO,2902,4934,0
Vernon,MO,3077,5958,0
Warren,MO,2323,1903,0
Washington,MO,2286,3908,0
Wayne,MO,2019,3005,0
Webster,MO,3341,3824,0
Worth,MO,831,1373,0
Wright,MO,3466,3292,0
Adams,MS,5900,1093,0
Alcorn,MS,3377,1917,0
Amite,MS,2742,103,0
Attala,MS,4409,263,0
Benton,MS,934,236,0
Bolivar,MS,4680,731,0
Calhoun,MS,3224,294,0
Carroll,MS,2043,98,0
Chickasaw,MS,3138,279,0
Choctaw,MS,2096,150,0
Claiborne,MS,1226,84,0
Clarke,MS,3591,253,0
Clay,MS,2848,226,0
Coahoma,MS,4172,964,0
Copiah,MS,4506,239,0
Covington,MS,3033,392,0
DeSoto,MS,2928,461,0
Forrest,MS,9291,1128,0
Franklin,MS,2211,91,0
George,MS,2797,242,0
Greene,MS,1845,216,0
Grenada,MS,3648,155,0
Hancock,MS,2550,1501,0
Harrison,MS,16301,5393,0
Harrison,MS,16301,5393,0
Harrison,MS,16301,5393,0
Hinds,MS,36831,5058,0
Holmes,MS,3115,110,0
Humphreys,MS,1863,84,0
Issaquena,MS,456,34,0
Itawamba,MS,2140,1127,0
Jackson,MS,11357,2371,0
Jackson,MS,11357,2371,0
Jackson,MS,11357,2371,0
Jasper,MS,2994,236,0
Jefferson,MS,1258,69,0
Jefferson Davis,MS,2351,235,0
Jones,MS,12123,1981,0
Kemper,MS,2185,191,0
Lafayette,MS,3202,720,0
Lamar,MS,3372,334,0
Lauderdale,MS,13291,1583,0
Lawrence,MS,2373,236,0
Leake,MS,4343,170,0
Lee,MS,5165,2409,0
Leflore,MS,5589,380,0
Lincoln,MS,6750,437,0
Lowndes,MS,6135,533,0
Madison,MS,3283,251,0
Marion,MS,5469,505,0
Marshall,MS,2251,343,0
Monroe,MS,5627,985,0
Montgomery,MS,3181,149,0
Neshoba,MS,5431,293,0
Newton,MS,4735,238,0
Noxubee,MS,1980,70,0
Oktibbeha,MS,3795,390,0
Panola,MS,4002,413,0
Pearl River,MS,4009,735,0
Perry,MS,1775,279,0
Pike,MS,6418,543,0
Pontotoc,MS,2699,702,0
Prentiss,MS,2289,1013,0
Quitman,MS,2065,336,0
Rankin,MS,7541,332,0
Scott,MS,4729,238,0
Sharkey,MS,1116,128,0
Simpson,MS,4949,271,0
Smith,MS,4045,238,0
Stone,MS,1776,179,0
Sunflower,MS,4127,251,0
Tallahatchie,MS,3126,255,0
Tate,MS,2390,283,0
Tippah,MS,2482,974,0
Tishomingo,MS,1934,977,0
Tunica,MS,945,99,0
Union,MS,2939,1237,0
Walthall,MS,3014,154,0
Warren,MS,7409,1631,0
Washington,MS,5611,2004,0
Wayne,MS,3539,276,0
Webster,MS,2884,237,0
Wilkinson,MS,1473,103,0
Winston,MS,3922,237,0
Yalobusha,MS,2385,259,0
Yazoo,MS,4801,204,0
Beaverhead,MT,1754,1469,0
Big Horn,MT,1481,2509,0
Blaine,MT,961,1742,0
Broadwater,MT,609,595,0
Carbon,MT,1535,2098,0
Carter,MT,576,453,0
Cascade,MT,8986,17609,0
Chouteau,MT,1444,1827,0
Custer,MT,2302,2790,0
Daniels,MT,742,987,0
Dawson,MT,1938,2691,0
Deer Lodge,MT,1415,4835,0
Fallon,MT,827,765,0
Fergus,MT,2980,3300,0
Flathead,MT,6325,8015,0
Gallatin,MT,5621,5600,0
Garfield,MT,509,384,0
Glacier,MT,1458,2218,0
Golden Valley,MT,252,352,0
Granite,MT,527,658,0
Hill,MT,2101,4491,0
Jefferson,MT,662,967,0
Judith Basin,MT,678,822,0
Lake,MT,2828,3148,0
Lewis and Clark,MT,6155,7506,0
Liberty,MT,533,619,0
Lincoln,MT,1554,3140,0
Madison,MT,1276,1125,0
McCone,MT,615,891,0
Meagher,MT,506,405,0
Mineral,MT,368,901,0
Missoula,MT,8065,12900,0
Musselshell,MT,823,1189,0
Park,MT,2619,2824,0
Petroleum,MT,190,210,0
Phillips,MT,1242,1612,0
Pondera,MT,1110,1759,0
Powder River,MT,649,449,0
Powell,MT,1140,1896,0
Prairie,MT,555,488,0
Ravalli,MT,2350,3300,0
Richland,MT,1784,2320,0
Roosevelt,MT,1612,2463,0
Rosebud,MT,1105,1212,0
Sanders,MT,1163,1836,0
Sheridan,MT,837,1905,0
Silver Bow,MT,4873,15751,0
Stillwater,MT,1140,1130,0
Sweet Grass,MT,856,653,0
Teton,MT,1388,1808,0
Toole,MT,1223,1649,0
Treasure,MT,251,285,0
Valley,MT,2077,3032,0
Wheatland,MT,583,790,0
Wibaux,MT,308,427,0
Yellowstone,MT,15571,17446,0
Yellowstone,MT,15571,17446,0
Alamance,NC,15177,15397,0
Alexander,NC,3760,3722,0
Alleghany,NC,1573,2368,0
Anson,NC,1721,4144,0
Ashe,NC,4191,4965,0
Avery,NC,2656,1523,0
Beaufort,NC,3595,6090,0
Bertie,NC,931,3332,0
Bladen,NC,2169,4516,0
Brunswick,NC,3721,4240,0
Buncombe,NC,19372,31623,0
Burke,NC,10081,12815,0
Cabarrus,NC,13178,11921,0
Caldwell,NC,8733,10846,0
Camden,NC,534,870,0
Carteret,NC,4289,6231,0
Caswell,NC,1793,2513,0
Catawba,NC,17116,15814,0
Chatham,NC,4111,5295,0
Cherokee,NC,3106,3823,0
Chowan,NC,787,1696,0
Clay,NC,1286,1457,0
Cleveland,NC,7874,10836,0
Columbus,NC,4471,9004,0
Craven,NC,4691,7422,0
Cumberland,NC,9093,13864,0
Currituck,NC,741,1455,0
Dare,NC,867,1476,0
Dare,NC,867,1476,0
Dare,NC,867,1476,0
Dare,NC,867,1476,0
Davidson,NC,17292,13735,0
Davie,NC,4460,3086,0
Duplin,NC,3821,7169,0
Durham,NC,15264,22874,0
Edgecombe,NC,3932,7834,0
Forsyth,NC,30276,31615,0
Franklin,NC,2097,4554,0
Gaston,NC,17129,20197,0
Gates,NC,556,1702,0
Graham,NC,1398,1737,0
Granville,NC,2624,4596,0
Greene,NC,901,2712,0
Guilford,NC,35635,39969,0
Halifax,NC,4757,8952,0
Harnett,NC,5883,7477,0
Haywood,NC,5575,10664,0
Henderson,NC,8780,6066,0
Hertford,NC,994,3953,0
Hoke,NC,779,2254,0
Hyde,NC,514,1127,0
Hyde,NC,514,1127,0
Iredell,NC,12892,11231,0
Jackson,NC,3183,4905,0
Johnston,NC,7523,10326,0
Jones,NC,776,2129,0
Lee,NC,2753,4730,0
Lenoir,NC,5617,7617,0
Lincoln,NC,5869,7304,0
Macon,NC,2900,3774,0
Madison,NC,3336,3829,0
Martin,NC,1511,4821,0
McDowell,NC,4174,6314,0
Mecklenburg,NC,46589,49582,0
Mitchell,NC,3263,1736,0
Montgomery,NC,3385,3933,0
Moore,NC,5162,6384,0
Nash,NC,6396,9163,0
New Hanover,NC,12140,12584,0
Northampton,NC,1187,5046,0
Onslow,NC,3771,5955,0
Orange,NC,5785,9206,0
Pamlico,NC,1036,1864,0
Pasquotank,NC,2380,4269,0
Pender,NC,1961,3205,0
Perquimans,NC,941,1458,0
Person,NC,2162,4740,0
Pitt,NC,5149,11317,0
Polk,NC,2765,3017,0
Randolph,NC,13739,10638,0
Richmond,NC,3123,8516,0
Robeson,NC,3591,13796,0
Rockingham,NC,9063,11432,0
Rowan,NC,14804,14934,0
Rutherford,NC,7115,9541,0
Sampson,NC,7634,8067,0
Scotland,NC,1229,3844,0
Stanly,NC,8924,7931,0
Stokes,NC,4664,4898,0
Surry,NC,7970,9810,0
Swain,NC,1534,2294,0
Transylvania,NC,3547,4483,0
Tyrrell,NC,374,996,0
Union,NC,4229,7208,0
Vance,NC,3452,5186,0
Wake,NC,22542,31653,0
Warren,NC,1909,2849,0
Washington,NC,1144,2505,0
Watauga,NC,3932,4031,0
Wayne,NC,7555,9791,0
Wilkes,NC,11014,9176,0
Wilson,NC,5002,7238,0
Yadkin,NC,5860,3638,0
Yancey,NC,2004,3714,0
Adams,ND,877,1010,0
Barnes,ND,2987,4007,0
Benson,ND,1489,2566,0
Billings,ND,340,348,0
Bottineau,ND,2060,2546,0
Bowman,ND,756,1070,0
Burke,ND,974,1454,0
Burleigh,ND,7239,8120,0
Cass,ND,12972,15674,0
Cavalier,ND,1417,2810,0
Dickey,ND,1808,1818,0
Divide,ND,779,1498,0
Dunn,ND,1079,1351,0
Eddy,ND,747,1337,0
Emmons,ND,1759,1556,0
Foster,ND,927,1315,0
Golden Valley,ND,722,602,0
Grand Forks,ND,7367,10740,0
Grant,ND,1421,1063,0
Griggs,ND,885,1505,0
Hettinger,ND,1188,1275,0
Kidder,ND,1104,1047,0
LaMoure,ND,1604,2145,0
Logan,ND,1187,951,0
McHenry,ND,1728,2643,0
McIntosh,ND,1891,950,0
McKenzie,ND,1352,1584,0
McLean,ND,2204,3339,0
Mercer,ND,1540,1310,0
Morton,ND,2955,5173,0
Mountrail,ND,1131,2548,0
Nelson,ND,1101,2186,0
Oliver,ND,469,548,0
Pembina,ND,1961,3198,0
Pierce,ND,1178,1893,0
Ramsey,ND,2409,3572,0
Ransom,ND,1647,2063,0
Renville,ND,640,1356,0
Richland,ND,3425,4525,0
Rolette,ND,892,2566,0
Sargent,ND,1189,1840,0
Sheridan,ND,1187,724,0
Sioux,ND,314,695,0
Slope,ND,329,436,0
Stark,ND,2888,4270,0
Steele,ND,796,1404,0
Stutsman,ND,3990,5463,0
Towner,ND,788,1628,0
Traill,ND,2312,2614,0
Walsh,ND,2454,4911,0
Ward,ND,6798,10871,0
Wells,ND,1875,2314,0
Williams,ND,3076,5352,0
Adams,NE,5586,6441,0
Antelope,NE,2566,2004,0
Arthur,NE,243,126,0
Banner,NE,357,196,0
Blaine,NE,326,195,0
Boone,NE,1893,1905,0
Box Butte,NE,2725,1968,0
Boyd,NE,1100,908,0
Brown,NE,1272,885,0
Buffalo,NE,5425,5436,0
Burt,NE,2459,2074,0
Butler,NE,1642,2993,0
Cass,NE,2947,3975,0
Cedar,NE,2299,3104,0
Chase,NE,1081,907,0
Cherry,NE,2244,1428,0
Cheyenne,NE,3129,2689,0
Clay,NE,1879,2001,0
Colfax,NE,1972,2207,0
Cuming,NE,3064,2265,0
Custer,NE,3916,3475,0
Dakota,NE,1906,2654,0
Dawes,NE,2518,1569,0
Dawson,NE,4577,3790,0
Deuel,NE,972,533,0
Dixon,NE,1845,1912,0
Dodge,NE,6812,6731,0
Douglas,NE,61613,77480,0
Dundy,NE,911,712,0
Fillmore,NE,1936,2497,0
Franklin,NE,1241,1409,0
Frontier,NE,1090,841,0
Furnas,NE,2011,1669,0
Gage,NE,4035,6411,0
Garden,NE,1106,559,0
Garfield,NE,761,483,0
Gosper,NE,547,512,0
Grant,NE,304,199,0
Greeley,NE,775,1305,0
Hall,NE,6715,8273,0
Hamilton,NE,2105,1886,0
Harlan,NE,1283,1195,0
Hayes,NE,503,362,0
Hitchcock,NE,1149,946,0
Holt,NE,3194,2739,0
Hooker,NE,335,137,0
Howard,NE,1019,2025,0
Jefferson,NE,2275,2804,0
Johnson,NE,1312,1554,0
Kearney,NE,1352,1767,0
Keith,NE,1927,1784,0
Keya Paha,NE,506,320,0
Kimball,NE,1573,1242,0
Knox,NE,2752,2617,0
Lancaster,NE,23887,34503,0
Lincoln,NE,4811,6446,0
Logan,NE,267,296,0
Loup,NE,348,176,0
Madison,NE,6155,4661,0
McPherson,NE,219,104,0
Merrick,NE,1798,1741,0
Morrill,NE,1649,1228,0
Nance,NE,1155,1323,0
Nemaha,NE,1936,2084,0
Nuckolls,NE,1546,2181,0
Otoe,NE,3626,3169,0
Pawnee,NE,1166,1111,0
Perkins,NE,912,877,0
Phelps,NE,2440,2153,0
Pierce,NE,1965,1631,0
Platte,NE,4705,5160,0
Polk,NE,1607,1730,0
Red Willow,NE,2740,2416,0
Richardson,NE,2850,3245,0
Rock,NE,835,376,0
Saline,NE,1780,4125,0
Sarpy,NE,4418,5581,0
Saunders,NE,3345,4172,0
Scotts Bluff,NE,6965,6368,0
Seward,NE,2221,3347,0
Sheridan,NE,2440,1156,0
Sherman,NE,762,1632,0
Sioux,NE,698,379,0
Stanton,NE,1299,1014,0
Thayer,NE,2132,2298,0
Thomas,NE,319,212,0
Thurston,NE,1194,1700,0
Valley,NE,1657,1545,0
Washington,NE,2638,2701,0
Wayne,NE,2359,1630,0
Webster,NE,1191,1657,0
Wheeler,NE,317,248,0
York,NE,3410,2832,0
Belknap,NH,5908,8024,0
Carroll,NH,4957,4058,0
Cheshire,NH,5958,13626,0
Coos,NH,4863,11956,0
Grafton,NH,8461,12566,0
Hillsborough,NH,29503,58237,0
Merrimack,NH,12564,19818,0
Rockingham,NH,19498,27256,0
Strafford,NH,8342,17737,0
Sullivan,NH,3975,8787,0
Atlantic,NJ,25626,50945,0
Bergen,NJ,157899,234849,0
Burlington,NJ,31215,57638,0
Camden,NJ,60844,124620,0
Cape May,NJ,11390,14943,0
Cumberland,NJ,12611,33593,0
Essex,NJ,116172,277042,0
Gloucester,NJ,23702,40305,0
Hudson,NJ,69515,200051,0
Hunterdon,NJ,10173,15091,0
Mercer,NJ,35081,86985,0
Middlesex,NJ,63370,151196,0
Monmouth,NJ,61367,95320,0
Morris,NJ,55024,73684,0
Ocean,NJ,25985,36892,0
Passaic,NJ,63114,113919,0
Salem,NJ,8682,17846,0
Somerset,NJ,28416,43659,0
Sussex,NJ,11836,14349,0
Union,NJ,82999,164989,0
Warren,NJ,8822,19755,0
Bernalillo,NM,42583,55036,0
Catron,NM,584,624,0
Chaves,NM,8419,8650,0
Valencia,NM,3950,7757,0
Colfax,NM,1636,3367,0
Curry,NM,5120,5228,0
De Baca,NM,559,674,0
Dona Ana,NM,7280,10748,0
Eddy,NM,6747,11216,0
Grant,NM,2042,5253,0
Guadalupe,NM,1058,1649,0
Harding,NM,473,431,0
Hidalgo,NM,628,995,0
Lea,NM,7033,8862,0
Lincoln,NM,1761,1565,0
Los Alamos,NM,1895,3767,0
Luna,NM,1665,2286,0
McKinley,NM,2965,6913,0
Mora,NM,1014,1509,0
Otero,NM,3498,6035,0
Quay,NM,2161,2333,0
Rio Arriba,NM,2906,6787,0
Roosevelt,NM,2732,2875,0
San Juan,NM,6808,6901,0
San Miguel,NM,2714,5767,0
Sandoval,NM,1077,3332,0
Sandoval,NM,1077,3332,0
Santa Fe,NM,5834,12616,0
Sierra,NM,1501,1633,0
Socorro,NM,1774,2397,0
Taos,NM,2006,4204,0
Torrance,NM,1183,1446,0
Union,NM,1232,1159,0
Valencia,NM,3950,7757,0
Carson City,NV,1997,2129,0
Churchill,NV,1607,1565,0
Clark,NV,23921,40760,0
Douglas,NV,1127,1010,0
Elko,NV,1856,2785,0
Esmeralda,NV,131,187,0
Eureka,NV,243,285,0
Humboldt,NV,1106,1421,0
Lander,NV,338,391,0
Lincoln,NV,440,785,0
Lyon,NV,1397,1327,0
Mineral,NV,927,1440,0
Nye,NV,822,1276,0
Pershing,NV,486,738,0
Storey,NV,172,261,0
Washoe,NV,18350,20170,0
White Pine,NV,1174,2809,0
Albany,NY,32224,114827,0
Allegany,NY,7688,10329,0
Bronx,NY,135780,403014,0
Broome,NY,32048,59021,0
Cattaraugus,NY,10907,21994,0
Cayuga,NY,11453,24090,0
Chautauqua,NY,19069,42924,0
Chemung,NY,14716,26332,0
Chenango,NY,7293,11653,0
Clinton,NY,6078,18398,0
Columbia,NY,9023,14516,0
Cortland,NY,6149,11110,0
Delaware,NY,8359,11686,0
Dutchess,NY,29503,50179,0
Erie,NY,125962,344910,0
Essex,NY,5837,10739,0
Franklin,NY,4846,12467,0
Fulton,NY,7278,15846,0
Genesee,NY,8114,15713,0
Greene,NY,7842,10034,0
Hamilton,NY,1269,1603,0
Herkimer,NY,10159,20136,0
Jefferson,NY,10718,25175,0
Kings,NY,229291,684839,0
Lewis,NY,3185,6584,0
Livingston,NY,7120,13481,0
Madison,NY,8858,14313,0
Monroe,NY,80099,205226,0
Montgomery,NY,8471,19370,0
Nassau,NY,248886,382590,0
New York,NY,120125,503848,0
Niagara,NY,28663,67260,0
Oneida,NY,39737,73359,0
Onondaga,NY,63205,128630,0
Ontario,NY,10847,19922,0
Orange,NY,30610,48244,0
Orleans,NY,5567,9304,0
Oswego,NY,12415,24788,0
Otsego,NY,8643,15190,0
Putnam,NY,9219,12636,0
Queens,NY,274351,541418,0
Rensselaer,NY,20814,51170,0
Richmond,NY,42330,50524,0
Rockland,NY,26187,46173,0
Saratoga,NY,13364,29264,0
Schenectady,NY,21848,51892,0
Schoharie,NY,4193,7187,0
Schuyler,NY,2925,4326,0
Seneca,NY,4473,8890,0
St. Lawrence,NY,12102,29173,0
Steuben,NY,15988,24634,0
Suffolk,NY,144350,180598,0
Sullivan,NY,8006,16728,0
Tioga,NY,7147,10411,0
Tompkins,NY,9070,16103,0
Ulster,NY,23749,35486,0
Warren,NY,7834,12772,0
Washington,NY,8160,13826,0
Wayne,NY,10586,18729,0
Westchester,NY,149052,243723,0
Wyoming,NY,6099,8866,0
Yates,NY,3675,4983,0
Adams,OH,3702,5005,0
Allen,OH,19897,18990,0
Ashland,OH,7308,8493,0
Ashtabula,OH,13183,24104,0
Athens,OH,6211,10633,0
Auglaize,OH,7954,8632,0
Belmont,OH,9693,28180,0
Brown,OH,3904,6983,0
Butler,OH,31413,42278,0
Carroll,OH,3655,5050,0
Champaign,OH,5588,7138,0
Clark,OH,19112,34275,0
Clermont,OH,13367,16523,0
Clinton,OH,6082,6514,0
Columbiana,OH,15827,28706,0
Coshocton,OH,5965,8382,0
Crawford,OH,8970,11968,0
Cuyahoga,OH,196436,492911,0
Darke,OH,8581,12433,0
Defiance,OH,5048,8707,0
Delaware,OH,8395,8080,0
Erie,OH,9981,15968,0
Fairfield,OH,11480,15611,0
Fayette,OH,4567,6128,0
Franklin,OH,131345,154527,0
Fulton,OH,5973,5604,0
Gallia,OH,4408,4740,0
Geauga,OH,9423,12212,0
Greene,OH,14571,21276,0
Guernsey,OH,6429,9503,0
Hamilton,OH,161179,199127,0
Hancock,OH,11610,11547,0
Hardin,OH,5679,7324,0
Harrison,OH,2928,5159,0
Henry,OH,5094,5845,0
Highland,OH,5985,7281,0
Hocking,OH,2858,5951,0
Holmes,OH,2106,3559,0
Huron,OH,7655,10780,0
Jackson,OH,4949,7056,0
Jefferson,OH,11784,33039,0
Knox,OH,7258,11222,0
Lake,OH,23282,38552,0
Lawrence,OH,7757,12635,0
Licking,OH,15096,23364,0
Logan,OH,6683,8484,0
Lorain,OH,26683,55755,0
Lucas,OH,57782,128110,0
Madison,OH,4945,5264,0
Mahoning,OH,33775,90934,0
Marion,OH,10050,14400,0
Medina,OH,10221,14729,0
Meigs,OH,3973,5133,0
Mercer,OH,4373,10081,0
Miami,OH,12985,19379,0
Monroe,OH,1944,4776,0
Montgomery,OH,71979,126633,0
Morgan,OH,2281,3053,0
Morrow,OH,4194,4572,0
Muskingum,OH,11635,20792,0
Noble,OH,2250,2925,0
Ottawa,OH,5639,9618,0
Paulding,OH,3254,4465,0
Perry,OH,3895,7816,0
Pickaway,OH,5317,7310,0
Pike,OH,2567,5331,0
Portage,OH,10842,23308,0
Preble,OH,5839,7574,0
Putnam,OH,5221,7014,0
Richland,OH,18833,24799,0
Ross,OH,9623,12704,0
Sandusky,OH,8254,13481,0
Scioto,OH,13465,21559,0
Seneca,OH,9536,14518,0
Shelby,OH,5190,10004,0
Stark,OH,53632,88704,0
Summit,OH,68000,142319,0
Trumbull,OH,27059,54342,0
Tuscarawas,OH,9962,23623,0
Union,OH,5504,4985,0
Van Wert,OH,6194,7695,0
Vinton,OH,1919,2618,0
Warren,OH,10982,12406,0
Washington,OH,8873,11193,0
Wayne,OH,9890,14806,0
Williams,OH,5653,7547,0
Wood,OH,12142,16304,0
Wyandot,OH,4139,5273,0
Adair,OK,2859,3003,0
Alfalfa,OK,2450,1730,0
Atoka,OK,1424,2459,0
Beaver,OK,1982,1508,0
Beckham,OK,2557,4115,0
Blaine,OK,2741,2384,0
Bryan,OK,2652,5934,0
Caddo,OK,3724,7447,0
Canadian,OK,5193,5747,0
Carter,OK,4986,10645,0
Cherokee,OK,3467,4449,0
Choctaw,OK,1718,3969,0
Cimarron,OK,1225,878,0
Cleveland,OK,9656,11599,0
Coal,OK,721,1613,0
Comanche,OK,7936,13585,0
Cotton,OK,1123,2216,0
Craig,OK,2541,3838,0
Creek,OK,6355,9836,0
Custer,OK,3362,4464,0
Delaware,OK,2743,3702,0
Dewey,OK,1438,1617,0
Ellis,OK,1452,1120,0
Garfield,OK,12297,10175,0
Garvin,OK,3470,7013,0
Grady,OK,3569,7593,0
Grant,OK,1992,2120,0
Greer,OK,1247,2671,0
Harmon,OK,602,1665,0
Harper,OK,1379,1240,0
Haskell,OK,1355,2542,0
Hughes,OK,1692,4477,0
Jackson,OK,2366,5894,0
Jefferson,OK,811,2555,0
Johnston,OK,1065,2370,0
Kay,OK,12033,11296,0
Kingfisher,OK,3117,2512,0
Kiowa,OK,2206,3686,0
Latimer,OK,849,2297,0
Le Flore,OK,3904,7105,0
Lincoln,OK,3854,5046,0
Logan,OK,3787,4279,0
Love,OK,663,1863,0
Major,OK,2436,1291,0
Marshall,OK,1101,2318,0
Mayes,OK,4157,5421,0
McClain,OK,1638,3638,0
McCurtain,OK,2981,5982,0
McIntosh,OK,1428,3497,0
Murray,OK,1236,3083,0
Muskogee,OK,8508,16330,0
Noble,OK,2157,2713,0
Nowata,OK,2142,2644,0
Okfuskee,OK,1629,2905,0
Oklahoma,OK,83660,90641,0
Okmulgee,OK,4704,10195,0
Osage,OK,5695,7395,0
Ottawa,OK,4090,7589,0
Pawnee,OK,2278,2389,0
Payne,OK,7936,8906,0
Pittsburg,OK,3555,9903,0
Pontotoc,OK,4166,7449,0
Pottawatomie,OK,6841,10884,0
Pushmataha,OK,1332,2563,0
Roger Mills,OK,926,1345,0
Rogers,OK,4202,5449,0
Seminole,OK,3676,6582,0
Sequoyah,OK,2846,4304,0
Stephens,OK,5323,9272,0
Texas,OK,3339,2500,0
Tillman,OK,2001,3354,0
Tulsa,OK,76770,61484,0
Wagoner,OK,2840,3957,0
Washington,OK,12382,8571,0
Washita,OK,2147,3339,0
Woods,OK,2886,2750,0
Woodward,OK,3094,2934,0
Baker,OR,2670,3903,0
Benton,OR,7250,8971,0
Clackamas,OR,21299,35711,0
Clatsop,OR,4023,8371,0
Columbia,OR,2489,7728,0
Coos,OR,5032,16109,0
Crook,OR,1161,2419,0
Curry,OR,1467,3195,0
Deschutes,OR,3148,6947,0
Douglas,OR,9806,15909,0
Gilliam,OR,442,775,0
Grant,OR,1149,1877,0
Harney,OR,1172,1577,0
Hood River,OR,1786,3564,0
Jackson,OR,14598,19486,0
Jefferson,OR,1197,1739,0
Josephine,OR,6918,6857,0
Klamath,OR,8530,9066,0
Lake,OR,1304,1419,0
Lane,OR,24139,49785,0
Lincoln,OR,3200,7101,0
Linn,OR,8382,14926,0
Malheur,OR,4177,3798,0
Marion,OR,18897,32091,0
Morrow,OR,627,1470,0
Multnomah,OR,81683,161040,0
Polk,OR,4319,7292,0
Sherman,OR,494,859,0
Tillamook,OR,2318,5246,0
Umatilla,OR,6138,10689,0
Union,OR,2553,4929,0
Wallowa,OR,1055,1790,0
Wasco,OR,2695,5890,0
Washington,OR,20813,29081,0
Wheeler,OR,340,458,0
Yamhill,OR,5508,8949,0
Adams,PA,8617,11148,0
Allegheny,PA,241707,475207,0
Armstrong,PA,10618,21098,0
Beaver,PA,23174,60492,0
Bedford,PA,7968,9165,0
Berks,PA,36726,73444,0
Blair,PA,24301,26157,0
Bradford,PA,10434,10714,0
Bucks,PA,50243,78287,0
Butler,PA,17360,27267,0
Cambria,PA,26281,55183,0
Cameron,PA,1376,1904,0
Carbon,PA,7309,15416,0
Centre,PA,9481,16556,0
Chester,PA,40280,47940,0
Clarion,PA,6143,9235,0
Clearfield,PA,11338,19211,0
Clinton,PA,4298,10038,0
Columbia,PA,8982,13885,0
Crawford,PA,10664,18212,0
Cumberland,PA,23685,26633,0
Dauphin,PA,42718,46119,0
Delaware,PA,111189,147189,0
Elk,PA,4354,10455,0
Erie,PA,31393,72944,0
Fayette,PA,16127,45155,0
Forest,PA,900,1249,0
Franklin,PA,13525,19332,0
Fulton,PA,1747,2180,0
Greene,PA,3896,11412,0
Huntingdon,PA,6571,7435,0
Indiana,PA,11706,17568,0
Jefferson,PA,8373,10851,0
Juniata,PA,3087,4138,0
Lackawanna,PA,31272,88131,0
Lancaster,PA,52243,53041,0
Lawrence,PA,15998,29092,0
Lebanon,PA,17891,15882,0
Lehigh,PA,32245,60377,0
Luzerne,PA,43895,106397,0
Lycoming,PA,19011,25879,0
McKean,PA,7948,10950,0
Mercer,PA,18153,32199,0
Mifflin,PA,6006,8811,0
Monroe,PA,6281,10622,0
Montgomery,PA,102714,135657,0
Montour,PA,2527,3683,0
Northampton,PA,21048,58818,0
Northumberland,PA,17046,28082,0
Perry,PA,5364,6054,0
Philadelphia,PA,239733,670645,0
Pike,PA,2651,2753,0
Potter,PA,3232,3652,0
Schuylkill,PA,26386,50560,0
Snyder,PA,5195,4199,0
Somerset,PA,14817,17934,0
Sullivan,PA,1344,1690,0
Susquehanna,PA,6567,7838,0
Tioga,PA,7064,7415,0
Union,PA,4944,4262,0
Venango,PA,9873,13065,0
Warren,PA,5965,10598,0
Washington,PA,24127,63482,0
Wayne,PA,6512,5781,0
Westmoreland,PA,41493,107131,0
Wyoming,PA,3864,4268,0
York,PA,33677,58787,0
Bristol,RI,4466,14306,0
Kent,RI,12297,44476,0
Newport,RI,7078,19782,0
Newport,RI,7078,19782,0
Newport,RI,7078,19782,0
Providence,RI,43432,219465,0
Washington,RI,7342,17434,0
Washington,RI,7342,17434,0
Abbeville,SC,1448,2689,0
Aiken,SC,17467,7622,0
Allendale,SC,1740,772,0
Anderson,SC,8398,11670,0
Bamberg,SC,2366,1419,0
Barnwell,SC,3670,1382,0
Beaufort,SC,3432,2747,0
Berkeley,SC,6100,3537,0
Calhoun,SC,1591,612,0
Charleston,SC,32509,14564,0
Cherokee,SC,3627,4258,0
Chester,SC,2915,3882,0
Chesterfield,SC,2449,4634,0
Clarendon,SC,2960,832,0
Colleton,SC,4637,2051,0
Darlington,SC,6717,5010,0
Dillon,SC,2742,2773,0
Dorchester,SC,5109,1604,0
Edgefield,SC,2489,824,0
Fairfield,SC,1997,2628,0
Florence,SC,10346,7157,0
Georgetown,SC,4705,3423,0
Greenville,SC,29358,17275,0
Greenwood,SC,5653,5479,0
Hampton,SC,2259,1439,0
Horry,SC,8293,5444,0
Jasper,SC,1593,1002,0
Kershaw,SC,5617,3168,0
Lancaster,SC,4742,4970,0
Laurens,SC,5081,4365,0
Lee,SC,2489,1156,0
Lexington,SC,12041,4807,0
Marion,SC,3197,2046,0
Marlboro,SC,1864,2422,0
McCormick,SC,939,498,0
Newberry,SC,5571,3222,0
Oconee,SC,2712,5560,0
Orangeburg,SC,10456,5607,0
Pickens,SC,5882,3506,0
Richland,SC,27306,17939,0
Saluda,SC,2524,1409,0
Spartanburg,SC,18411,20034,0
Sumter,SC,7729,3775,0
Union,SC,3815,3892,0
Williamsburg,SC,4810,2248,0
York,SC,7292,8346,0
Aurora,SD,871,1555,0
Beadle,SD,4051,5968,0
Bennett,SD,624,775,0
Bon Homme,SD,1784,2494,0
Brookings,SD,3692,4191,0
Brown,SD,5524,9107,0
Brule,SD,968,2205,0
Buffalo,SD,278,501,0
Butte,SD,1877,1863,0
Campbell,SD,1162,411,0
Charles Mix,SD,1625,3488,0
Clark,SD,1511,1771,0
Clay,SD,1802,2599,0
Codington,SD,3593,5353,0
Corson,SD,1034,1328,0
Custer,SD,1142,1176,0
Davison,SD,2789,4861,0
Day,SD,1914,3235,0
Deuel,SD,1317,1524,0
Dewey,SD,981,1259,0
Douglas,SD,1189,1149,0
Edmunds,SD,1442,1708,0
Fall River,SD,2026,1706,0
Faulk,SD,974,1225,0
Grant,SD,1854,2583,0
Gregory,SD,1644,1995,0
Haakon,SD,795,662,0
Hamlin,SD,1525,1561,0
Hand,SD,1466,1563,0
Hanson,SD,802,1232,0
Harding,SD,489,487,0
Hughes,SD,2732,2606,0
Hutchinson,SD,2884,2189,0
Hyde,SD,666,736,0
Jackson,SD,659,828,0
Jerauld,SD,857,999,0
Jones,SD,415,548,0
Kingsbury,SD,2126,2005,0
Lake,SD,2417,2988,0
Lawrence,SD,3743,3468,0
Lincoln,SD,2740,2836,0
Lyman,SD,862,1057,0
Marshall,SD,1183,2063,0
McCook,SD,1756,2181,0
McPherson,SD,1891,723,0
Meade,SD,2140,2323,0
Mellette,SD,525,658,0
Miner,SD,945,1679,0
Minnehaha,SD,16766,20929,0
Moody,SD,1461,2301,0
Pennington,SD,8926,9881,0
Perkins,SD,1409,1255,0
Potter,SD,954,1260,0
Roberts,SD,1931,3567,0
Sanborn,SD,912,1401,0
Shannon,SD,557,1748,0
Spink,SD,1953,3120,0
Stanley,SD,549,750,0
Sully,SD,667,596,0
Todd,SD,723,1274,0
Tripp,SD,1937,2241,0
Turner,SD,2846,2184,0
Union,SD,1727,2828,0
Walworth,SD,1849,1952,0
Yankton,SD,3208,3747,0
Ziebach,SD,447,554,0
Anderson,TN,8860,12146,0
Bedford,TN,2272,5610,0
Benton,TN,1363,2611,0
Bledsoe,TN,1431,1412,0
Blount,TN,11876,8459,0
Bradley,TN,6717,5693,0
Campbell,TN,4232,4412,0
Cannon,TN,746,2190,0
Carroll,TN,3734,4056,0
Carter,TN,8472,5326,0
Cheatham,TN,803,2750,0
Chester,TN,1767,1763,0
Claiborne,TN,2852,2581,0
Clay,TN,622,1196,0
Cocke,TN,5084,2109,0
Coffee,TN,3012,6837,0
Crockett,TN,1873,1817,0
Cumberland,TN,2975,3073,0
Davidson,TN,45335,79387,0
DeKalb,TN,1402,2291,0
Decatur,TN,1429,1813,0
Dickson,TN,1281,4724,0
Dyer,TN,4517,4717,0
Fayette,TN,2922,2636,0
Fentress,TN,1969,1550,0
Franklin,TN,2262,6029,0
Gibson,TN,4614,8119,0
Giles,TN,1378,4940,0
Grainger,TN,2634,1309,0
Greene,TN,6913,5916,0
Grundy,TN,686,2775,0
Hamblen,TN,5196,4607,0
Hamilton,TN,40200,38546,0
Hancock,TN,1517,687,0
Hardeman,TN,2450,2675,0
Hardin,TN,3025,2620,0
Hawkins,TN,5712,4191,0
Haywood,TN,2407,2290,0
Henderson,TN,3133,1955,0
Henry,TN,2261,5874,0
Hickman,TN,1019,2877,0
Houston,TN,287,1572,0
Humphreys,TN,916,3230,0
Jackson,TN,551,2291,0
Jefferson,TN,4923,2600,0
Johnson,TN,2889,927,0
Knox,TN,42797,42463,0
Lake,TN,736,1667,0
Lauderdale,TN,1880,3847,0
Lawrence,TN,4590,5449,0
Lewis,TN,388,2061,0
Lincoln,TN,1728,4861,0
Loudon,TN,4148,3365,0
Loudon,TN,4148,3365,0
Macon,TN,1846,1446,0
Madison,TN,10932,10573,0
Marion,TN,2728,3775,0
Marshall,TN,1340,3989,0
Maury,TN,4605,7716,0
McMinn,TN,5624,5207,0
McNairy,TN,3109,2994,0
Meigs,TN,824,816,0
Monroe,TN,4349,4100,0
Montgomery,TN,2814,10178,0
Moore,TN,264,1034,0
Morgan,TN,1842,1957,0
Obion,TN,2802,5672,0
Overton,TN,1155,3258,0
Perry,TN,514,1440,0
Pickett,TN,935,728,0
Polk,TN,1685,2113,0
Putnam,TN,2993,6309,0
Rhea,TN,2730,2637,0
Roane,TN,5735,6108,0
Robertson,TN,1797,5784,0
Rutherford,TN,4088,9580,0
Scott,TN,2406,2007,0
Sequatchie,TN,804,1162,0
Sevier,TN,6821,2995,0
Shelby,TN,100527,111496,0
Smith,TN,1084,2934,0
Stewart,TN,441,2444,0
Sullivan,TN,17703,19496,0
Sumner,TN,3437,9102,0
Tipton,TN,3073,3821,0
Tipton,TN,3073,3821,0
Trousdale,TN,205,1270,0
Unicoi,TN,2731,2000,0
Union,TN,1770,1091,0
Van Buren,TN,293,865,0
Warren,TN,1754,5027,0
Washington,TN,10612,10253,0
Wayne,TN,2510,1178,0
Weakley,TN,2684,5161,0
White,TN,1199,2987,0
White,TN,1199,2987,0
Williamson,TN,2707,5075,0
Wilson,TN,2707,6267,0
Anderson,TX,3362,4809,0
Andrews,TX,1442,2133,0
Angelina,TX,5262,8194,0
Aransas,TX,602,1492,0
Aransas,TX,602,1492,0
Archer,TX,441,1766,0
Armstrong,TX,365,544,0
Atascosa,TX,1283,3224,0
Austin,TX,1545,2365,0
Bailey,TX,1056,1503,0
Bandera,TX,762,876,0
Bastrop,TX,1130,3912,0
Baylor,TX,389,1403,0
Bee,TX,1509,3314,0
Bell,TX,2938,14557,0
Bexar,TX,53469,108658,0
Blanco,TX,290,1197,0
Borden,TX,152,266,0
Bosque,TX,1024,2690,0
Bowie,TX,7018,10368,0
Brazoria,TX,8477,15917,0
Brazos,TX,4003,7998,0
Brewster,TX,635,1251,0
Briscoe,TX,348,966,0
Brooks,TX,402,2299,0
Brown,TX,2070,5214,0
Burleson,TX,617,2527,0
Burnet,TX,821,2585,0
Caldwell,TX,1046,3580,0
Calhoun,TX,1031,3398,0
Calhoun,TX,1031,3398,0
Calhoun,TX,1031,3398,0
Calhoun,TX,1031,3398,0
Callahan,TX,849,2178,0
Cameron,TX,9531,16056,0
Cameron,TX,9531,16056,0
Camp,TX,729,1841,0
Carson,TX,1044,1574,0
Cass,TX,2681,3603,0
Castro,TX,626,1865,0
Chambers,TX,1023,1921,0
Cherokee,TX,3043,5485,0
Childress,TX,952,1977,0
Clay,TX,659,2357,0
Cochran,TX,497,1260,0
Coke,TX,366,900,0
Coleman,TX,1434,2670,0
Collin,TX,3341,7833,0
Collingsworth,TX,724,1145,0
Colorado,TX,1918,3650,0
Comal,TX,2223,3644,0
Comanche,TX,962,2851,0
Concho,TX,307,948,0
Cooke,TX,3117,4083,0
Coryell,TX,877,3679,0
Cottle,TX,230,1122,0
Crane,TX,637,919,0
Crockett,TX,409,799,0
Crosby,TX,611,2278,0
Culberson,TX,314,473,0
Dallam,TX,700,1058,0
Dallas,TX,137065,166472,0
Dawson,TX,1691,3171,0
Dewitt,TX,2283,3286,0
Deaf Smith,TX,1793,2094,0
Delta,TX,339,1619,0
Denton,TX,4335,9137,0
Dickens,TX,339,1324,0
Dimmit,TX,501,1184,0
Donley,TX,708,1068,0
Duval,TX,353,4432,0
Eastland,TX,2049,4692,0
Ector,TX,11497,10826,0
Edwards,TX,371,337,0
El Paso,TX,20687,35050,0
Ellis,TX,2779,7278,0
Erath,TX,1642,3851,0
Falls,TX,1216,3933,0
Fannin,TX,1219,5976,0
Fayette,TX,2036,3630,0
Fisher,TX,454,2108,0
Floyd,TX,1229,2383,0
Foard,TX,146,833,0
Fort Bend,TX,3493,6186,0
Franklin,TX,424,1520,0
Freestone,TX,1074,2816,0
Frio,TX,607,1507,0
Gaines,TX,1153,2045,0
Galveston,TX,12365,30672,0
Galveston,TX,12365,30672,0
Garza,TX,567,1254,0
Gillespie,TX,1695,2264,0
Glasscock,TX,183,179,0
Goliad,TX,549,990,0
Gonzales,TX,1190,3348,0
Gray,TX,5011,3633,0
Grayson,TX,5500,14207,0
Gregg,TX,11761,8741,0
Grimes,TX,1014,2229,0
Guadalupe,TX,2731,4568,0
Hale,TX,3666,5910,0
Hall,TX,667,1785,0
Hamilton,TX,1006,2048,0
Hansford,TX,1193,860,0
Hardeman,TX,697,1835,0
Hardin,TX,1987,5143,0
Harris,TX,154401,227819,0
Harrison,TX,5568,6351,0
Hartley,TX,437,565,0
Haskell,TX,512,2903,0
Hays,TX,1279,3780,0
Hemphill,TX,563,649,0
Henderson,TX,1988,4697,0
Hidalgo,TX,11563,22110,0
Hill,TX,1557,5130,0
Hockley,TX,1674,4049,0
Hood,TX,423,1661,0
Hopkins,TX,1518,4133,0
Houston,TX,1675,3681,0
Howard,TX,3272,6083,0
Hudspeth,TX,224,438,0
Hunt,TX,3302,6567,0
Hutchinson,TX,5358,4625,0
Irion,TX,199,351,0
Jack,TX,847,1594,0
Jackson,TX,1168,2775,0
Jasper,TX,1919,3600,0
Jeff Davis,TX,174,304,0
Jefferson,TX,28771,44584,0
Jim Hogg,TX,152,1375,0
Jim Wells,TX,1988,6849,0
Johnson,TX,3251,6381,0
Jones,TX,1295,3622,0
Karnes,TX,993,3178,0
Kaufman,TX,1922,4766,0
Kendall,TX,1200,970,0
Kenedy,TX,30,115,0
Kenedy,TX,30,115,0
Kent,TX,115,563,0
Kerr,TX,2706,2894,0
Kimble,TX,520,862,0
King,TX,34,180,0
Kinney,TX,155,439,0
Kleberg,TX,1652,4568,0
Kleberg,TX,1652,4568,0
Knox,TX,439,1773,0
La Salle,TX,223,988,0
Lamar,TX,2594,6303,0
Lamb,TX,2022,4318,0
Lampasas,TX,744,2224,0
Lavaca,TX,1480,4031,0
Lee,TX,923,1884,0
Leon,TX,642,2373,0
Liberty,TX,2884,5357,0
Limestone,TX,1478,3777,0
Lipscomb,TX,763,589,0
Live Oak,TX,795,1423,0
Llano,TX,655,1727,0
Loving,TX,32,46,0
Lubbock,TX,17372,22057,0
Lynn,TX,745,2281,0
Madison,TX,644,1298,0
Marion,TX,927,1372,0
Martin,TX,402,892,0
Mason,TX,590,941,0
Matagorda,TX,2407,4143,0
Maverick,TX,545,2113,0
McCulloch,TX,655,2100,0
McLennan,TX,10892,28429,0
McMullen,TX,175,267,0
Medina,TX,1583,3408,0
Menard,TX,397,588,0
Midland,TX,11906,8646,0
Milam,TX,1334,4368,0
Mills,TX,495,1228,0
Mitchell,TX,737,2420,0
Montague,TX,1106,3746,0
Montgomery,TX,3167,4989,0
Moore,TX,1762,2393,0
Morris,TX,1218,2366,0
Motley,TX,324,678,0
Nacogdoches,TX,2976,4524,0
Navarro,TX,2139,6811,0
Newton,TX,738,2211,0
Nolan,TX,1610,3540,0
Nueces,TX,14048,40426,0
Nueces,TX,14048,40426,0
Ochiltree,TX,1814,920,0
Oldham,TX,269,397,0
Orange,TX,6216,9390,0
Palo Pinto,TX,1748,3791,0
Panola,TX,2818,2608,0
Parker,TX,2175,5270,0
Parmer,TX,1216,1556,0
Pecos,TX,1393,2068,0
Polk,TX,1199,2492,0
Potter,TX,11505,12850,0
Presidio,TX,431,1156,0
Rains,TX,272,893,0
Randall,TX,7843,6016,0
Reagan,TX,406,614,0
Real,TX,255,487,0
Red River,TX,1257,3391,0
Reeves,TX,1251,2340,0
Refugio,TX,772,2319,0
Roberts,TX,297,198,0
Robertson,TX,895,3350,0
Rockwall,TX,445,1305,0
Runnels,TX,1480,2645,0
Rusk,TX,5488,6528,0
Sabine,TX,428,1801,0
San Augustine,TX,760,1173,0
San Jacinto,TX,343,1680,0
San Patricio,TX,2188,7176,0
San Saba,TX,418,1859,0
Schleicher,TX,388,514,0
Scurry,TX,1741,3381,0
Shackelford,TX,487,934,0
Shelby,TX,2220,3487,0
Sherman,TX,629,462,0
Smith,TX,12960,12474,0
Somervell,TX,210,641,0
Starr,TX,678,4056,0
Stephens,TX,1119,1753,0
Sterling,TX,140,243,0
Stonewall,TX,219,978,0
Sutton,TX,357,694,0
Swisher,TX,815,2410,0
Tarrant,TX,56593,97092,0
Taylor,TX,9220,13366,0
Terrell,TX,294,364,0
Terry,TX,1592,3034,0
Throckmorton,TX,247,883,0
Titus,TX,1687,3528,0
Tom Green,TX,6664,9767,0
Travis,TX,19838,44058,0
Trinity,TX,763,1654,0
Tyler,TX,1216,1818,0
Upshur,TX,2222,4027,0
Upton,TX,636,958,0
Uvalde,TX,1963,2358,0
Val Verde,TX,1346,3555,0
Van Zandt,TX,1614,4047,0
Victoria,TX,4201,8141,0
Walker,TX,1557,2877,0
Waller,TX,980,2167,0
Ward,TX,1730,2221,0
Washington,TX,2019,2938,0
Webb,TX,1094,10073,0
Wharton,TX,2775,6234,0
Wheeler,TX,1138,1440,0
Wichita,TX,8585,19131,0
Wilbarger,TX,1539,3200,0
Willacy,TX,1230,2152,0
Willacy,TX,1230,2152,0
Williamson,TX,1766,7430,0
Wilson,TX,718,3472,0
Winkler,TX,1617,2059,0
Wise,TX,1386,3852,0
Wood,TX,2068,3528,0
Yoakum,TX,859,1415,0
Young,TX,1600,3395,0
Zapata,TX,135,1009,0
Zavala,TX,598,1784,0
Beaver,UT,792,1189,0
Box Elder,UT,6851,5113,0
Cache,UT,9326,6627,0
Carbon,UT,2130,5672,0
Daggett,UT,112,170,0
Davis,UT,14477,14177,0
Duchesne,UT,1251,1320,0
Emery,UT,1103,1434,0
Garfield,UT,821,658,0
Grand,UT,1130,1145,0
Iron,UT,2522,2053,0
Juab,UT,926,1319,0
Kane,UT,784,340,0
Millard,UT,1973,1462,0
Morgan,UT,572,835,0
Piute,UT,361,273,0
Rich,UT,435,326,0
Salt Lake,UT,78118,103926,0
San Juan,UT,1371,993,0
Sanpete,UT,2620,2547,0
Sevier,UT,2617,1948,0
Summit,UT,1335,1497,0
Tooele,UT,2511,5239,0
Uintah,UT,2437,2142,0
Utah,UT,20912,23936,0
Wasatch,UT,1158,1420,0
Washington,UT,2534,1789,0
Wayne,UT,400,412,0
Weber,UT,20206,29666,0
Accomack,VA,3145,3528,0
Albemarle,VA,3251,3062,0
Albemarle,VA,3251,3062,0
Alexandria city,VA,8825,16828,0
Alleghany,VA,1954,2832,0
Alleghany,VA,1954,2832,0
Alleghany,VA,1954,2832,0
Amelia,VA,1348,884,0
Amherst,VA,2675,2730,0
Appomattox,VA,2444,1339,0
Arlington,VA,20485,33567,0
Augusta,VA,4327,4039,0
Augusta,VA,4327,4039,0
Augusta,VA,4327,4039,0
Bath,VA,516,770,0
Bedford,VA,3806,4076,0
Bedford,VA,3806,4076,0
Bedford,VA,3806,4076,0
Bland,VA,717,851,0
Botetourt,VA,2098,2377,0
Bristol city,VA,1289,2429,0
Brunswick,VA,2560,1883,0
Buchanan,VA,2349,4756,0
Buckingham,VA,1547,1182,0
Buena Vista city,VA,459,691,0
Campbell,VA,5713,3401,0
Caroline,VA,1166,2064,0
Carroll,VA,3617,2517,0
Charles City,VA,323,1023,0
Charlotte,VA,1974,1191,0
Charlottesville city,VA,4415,5205,0
Chesapeake city,VA,9038,9532,0
Chesterfield,VA,17486,8376,0
Clarke,VA,1068,1136,0
Colonial Heights city,VA,2420,1198,0
Covington city,VA,1149,2055,0
Craig,VA,477,767,0
Culpeper,VA,1775,1886,0
Cumberland,VA,1099,871,0
Danville city,VA,7900,4539,0
Dickenson,VA,2143,3485,0
Dinwiddie,VA,2096,2182,0
Greensville,VA,2245,2262,0
Essex,VA,789,760,0
Fairfax,VA,30755,48680,0
Fairfax,VA,30755,48680,0
Fairfax city,VA,1924,2835,0
Falls Church city,VA,1329,2371,0
Fauquier,VA,2101,3506,0
Floyd,VA,1836,1144,0
Fluvanna,VA,823,1008,0
Franklin,VA,2279,3447,0
Franklin city,VA,783,1257,0
Frederick,VA,2585,2880,0
Frederick,VA,2585,2880,0
Fredericksburg city,VA,1511,2410,0
Galax city,VA,697,717,0
Giles,VA,1952,3133,0
Gloucester,VA,1631,1949,0
Goochland,VA,1241,1452,0
Grayson,VA,3105,3238,0
Greene,VA,641,460,0
Greensville,VA,2245,2262,0
Greensville,VA,2245,2262,0
Halifax,VA,5134,2834,0
Halifax,VA,5134,2834,0
Hampton city,VA,8731,13542,0
Hanover,VA,4879,2864,0
Harrisonburg city,VA,1820,1765,0
Henrico,VA,29286,12779,0
Henry,VA,2844,5295,0
Henry,VA,2844,5295,0
Highland,VA,511,476,0
Hopewell city,VA,3183,2498,0
Isle of Wight,VA,1737,2656,0
James City,VA,1092,1744,0
King George,VA,644,1085,0
King William,VA,1065,904,0
King and Queen,VA,699,786,0
Lancaster,VA,1663,1245,0
Lee,VA,3463,5151,0
Rockbridge,VA,2200,2599,0
Loudoun,VA,2594,4278,0
Louisa,VA,1369,1731,0
Lunenburg,VA,1847,1128,0
Lynchburg city,VA,10044,6758,0
Madison,VA,1060,862,0
Prince William,VA,3343,5611,0
Prince William,VA,3343,5611,0
Martinsville city,VA,1805,2943,0
Mathews,VA,1149,1137,0
Mecklenburg,VA,4976,3238,0
Middlesex,VA,1019,973,0
Montgomery,VA,4604,3872,0
Nelson,VA,893,1635,0
New Kent,VA,677,684,0
Newport News city,VA,10584,15296,0
Norfolk city,VA,18429,32388,0
Northampton,VA,1586,1516,0
Northumberland,VA,1423,988,0
Norton city,VA,372,824,0
Nottoway,VA,2353,2138,0
Orange,VA,1595,1508,0
Page,VA,2804,2606,0
Patrick,VA,1468,2306,0
Petersburg city,VA,3253,4521,0
Pittsylvania,VA,7120,5228,0
York,VA,2992,3385,0
Portsmouth city,VA,8420,16073,0
Powhatan,VA,1182,969,0
Prince Edward,VA,2545,1512,0
Prince George,VA,1790,1502,0
Prince William,VA,3343,5611,0
Prince William,VA,3343,5611,0
Pulaski,VA,3101,3620,0
Radford city,VA,1505,1850,0
Rappahannock,VA,449,675,0
Richmond,VA,901,636,0
Richmond city,VA,27196,35662,0
Roanoke,VA,10714,8808,0
Roanoke,VA,10714,8808,0
Roanoke city,VA,13164,15314,0
Rockbridge,VA,2200,2599,0
Rockbridge,VA,2200,2599,0
Rockbridge,VA,2200,2599,0
Rockingham,VA,4155,4205,0
Rockingham,VA,4155,4205,0
Russell,VA,3012,4330,0
Roanoke,VA,10714,8808,0
Scott,VA,4533,4720,0
Shenandoah,VA,3981,3184,0
Smyth,VA,3830,4113,0
Southampton,VA,1520,2566,0
Spotsylvania,VA,1261,2097,0
Stafford,VA,1888,2469,0
Staunton city,VA,2969,2705,0
Suffolk city,VA,4053,6383,0
Surry,VA,1004,1131,0
Sussex,VA,1537,1234,0
Tazewell,VA,3231,6081,0
Virginia Beach city,VA,10529,12892,0
Warren,VA,1886,2494,0
Washington,VA,4146,5070,0
Waynesboro city,VA,2107,2369,0
Westmoreland,VA,1181,1312,0
Williamsburg city,VA,906,1171,0
Winchester city,VA,2180,2254,0
Wise,VA,3309,7220,0
Wise,VA,3309,7220,0
Wythe,VA,2958,2879,0
York,VA,2992,3385,0
Addison,VT,3500,4758,0
Bennington,VT,3895,7359,0
Caledonia,VT,3258,5732,0
Chittenden,VT,9050,21817,0
Essex,VT,750,1673,0
Franklin,VT,3261,8823,0
Grand Isle,VT,506,996,0
Lamoille,VT,2036,2376,0
Orange,VT,2723,3918,0
Orleans,VT,3009,4898,0
Rutland,VT,7165,13241,0
Washington,VT,5750,12002,0
Windham,VT,4180,8371,0
Windsor,VT,5859,12163,0
Adams,WA,2241,2027,0
Asotin,WA,1777,3657,0
Benton,WA,11708,16650,0
Chelan,WA,7406,10295,0
Clallam,WA,4175,9265,0
Clark,WA,12300,29341,0
Columbia,WA,1048,1138,0
Cowlitz,WA,6708,17605,0
Douglas,WA,2643,3728,0
Ferry,WA,526,931,0
Franklin,WA,3615,6375,0
Garfield,WA,751,781,0
Grant,WA,6065,8352,0
Grays Harbor,WA,5744,17145,0
Island,WA,3044,3946,0
Island,WA,3044,3946,0
Jefferson,WA,1432,3012,0
King,WA,177598,268216,0
Kitsap,WA,10702,26904,0
Kittitas,WA,3200,5383,0
Klickitat,WA,1850,3819,0
Lewis,WA,6933,12070,0
Lincoln,WA,2911,2299,0
Mason,WA,2549,5514,0
Okanogan,WA,3931,6554,0
Pacific,WA,1789,5056,0
Pend Oreille,WA,985,1978,0
Pierce,WA,40164,84566,0
San Juan,WA,839,906,0
Skagit,WA,8138,14344,0
Skamania,WA,653,1758,0
Snohomish,WA,25902,55013,0
Spokane,WA,49387,62092,0
Stevens,WA,3302,4266,0
Thurston,WA,9351,17578,0
Wahkiakum,WA,446,1175,0
Walla Walla,WA,8102,9481,0
Whatcom,WA,10900,20297,0
Whatcom,WA,10900,20297,0
Whitman,WA,6765,6760,0
Yakima,WA,22786,29604,0
Adams,WI,1219,2262,0
Ashland,WI,2198,5383,0
Ashland,WI,2198,5383,0
Ashland,WI,2198,5383,0
Ashland,WI,2198,5383,0
Barron,WI,5701,8332,0
Bayfield,WI,1886,3875,0
Brown,WI,21134,30851,0
Buffalo,WI,2091,3663,0
Burnett,WI,1536,2921,0
Calumet,WI,3905,5356,0
Chippewa,WI,6277,10911,0
Clark,WI,4897,7781,0
Columbia,WI,6253,10093,0
Crawford,WI,2726,3930,0
Dane,WI,27124,68118,0
Dodge,WI,10772,15497,0
Door,WI,4289,4416,0
Door,WI,4289,4416,0
Douglas,WI,4579,15237,0
Dunn,WI,3964,6475,0
Eau Claire,WI,8700,15775,0
Florence,WI,596,1029,0
Fond du Lac,WI,12708,18040,0
Forest,WI,1069,2479,0
Grant,WI,7872,9309,0
Green,WI,5364,5548,0
Green Lake,WI,3871,3893,0
Iowa,WI,3275,4620,0
Iron,WI,963,2514,0
Jackson,WI,2532,3818,0
Jefferson,WI,8741,13295,0
Juneau,WI,2976,4583,0
Kenosha,WI,14764,30522,0
Kewaunee,WI,2980,4792,0
La Crosse,WI,13135,16625,0
Lafayette,WI,3194,4471,0
Langlade,WI,2994,5077,0
Lincoln,WI,3894,5883,0
Manitowoc,WI,9849,21927,0
Marathon,WI,12766,24603,0
Marinette,WI,5332,9657,0
Marquette,WI,1881,1927,0
Menominee,WI,78,647,0
Milwaukee,WI,149962,288577,0
Monroe,WI,5126,6385,0
Oconto,WI,4420,6360,0
Oneida,WI,3909,6431,0
Outagamie,WI,18595,21556,0
Ozaukee,WI,8581,9517,0
Pepin,WI,1069,2154,0
Pierce,WI,3291,6351,0
Polk,WI,3754,7215,0
Portage,WI,4579,11887,0
Price,WI,2406,4289,0
Racine,WI,21434,37785,0
Richland,WI,3224,4315,0
Rock,WI,20372,28257,0
Rusk,WI,2214,4176,0
Sauk,WI,6345,9288,0
Sawyer,WI,2012,2591,0
Shawano,WI,6519,6560,0
Sheboygan,WI,12968,26410,0
St. Croix,WI,4565,8864,0
Taylor,WI,2261,4624,0
Trempealeau,WI,3264,6320,0
Vernon,WI,4640,6242,0
Vilas,WI,2827,2841,0
Walworth,WI,12225,11746,0
Washburn,WI,1865,3181,0
Washington,WI,9191,11563,0
Waukesha,WI,35502,39796,0
Waupaca,WI,8381,6990,0
Waushara,WI,3437,3004,0
Winnebago,WI,21084,23636,0
Wood,WI,8388,15378,0
Barbour,WV,2533,4758,0
Berkeley,WV,5457,8628,0
Boone,WV,2467,8609,0
Braxton,WV,1867,4787,0
Brooke,WV,3364,9834,0
Cabell,WV,16957,28437,0
Calhoun,WV,1275,2626,0
Clay,WV,1366,3182,0
Doddridge,WV,1581,1587,0
Fayette,WV,4051,19990,0
Gilmer,WV,1116,2832,0
Grant,WV,2464,1494,0
Greenbrier,WV,4549,10112,0
Hampshire,WV,1473,3381,0
Hancock,WV,5009,14001,0
Hardy,WV,1308,2996,0
Harrison,WV,9986,25683,0
Jackson,WV,4359,5022,0
Jefferson,WV,1901,4892,0
Kanawha,WV,38383,70511,0
Lewis,WV,2979,5248,0
Lincoln,WV,3436,5852,0
Logan,WV,3776,16999,0
Marion,WV,7707,22047,0
Marshall,WV,6175,11757,0
Mason,WV,4467,6511,0
McDowell,WV,3684,18046,0
Mercer,WV,8905,18298,0
Mineral,WV,3801,6344,0
Mingo,WV,3154,12266,0
Monongalia,WV,6473,17358,0
Monroe,WV,2385,3367,0
Morgan,WV,1866,1820,0
Nicholas,WV,2628,6878,0
Ohio,WV,12006,21178,0
Pendleton,WV,1296,2498,0
Pleasants,WV,1339,2287,0
Pocahontas,WV,1716,3317,0
Preston,WV,4015,6264,0
Putnam,WV,4165,6910,0
Raleigh,WV,6952,23606,0
Randolph,WV,2984,8012,0
Ritchie,WV,2717,2244,0
Roane,WV,3451,3820,0
Summers,WV,1962,5037,0
Taylor,WV,2292,4442,0
Tucker,WV,1314,2664,0
Tyler,WV,2522,2275,0
Upshur,WV,3606,3774,0
Wayne,WV,5340,11578,0
Webster,WV,936,3755,0
Wetzel,WV,3215,6239,0
Wirt,WV,899,1286,0
Wood,WV,14947,21560,0
Wyoming,WV,3377,9188,0
Albany,WY,2923,6019,0
Big Horn,WY,2668,2690,0
Campbell,WY,1606,1196,0
Carbon,WY,2160,4322,0
Converse,WY,1559,1250,0
Crook,WY,1214,780,0
Fremont,WY,4809,5985,0
Goshen,WY,2604,2749,0
Hot Springs,WY,1228,1380,0
Johnson,WY,1640,852,0
Laramie,WY,8563,16059,0
Lincoln,WY,1811,2273,0
Natrona,WY,10135,11167,0
Niobrara,WY,1122,843,0
Park,WY,3698,3745,0
Platte,WY,1470,1890,0
Sheridan,WY,4491,4747,0
Sublette,WY,900,791,0
Sweetwater,WY,1944,5969,0
Teton,WY,1081,968,0
Uinta,WY,1186,1929,0
Washakie,WY,1713,1695,0
Weston,WY,1473,1419,0
